date,realised_pnl,realised_loss,delta_normal_var,delta_normal_es,delta_gamma_var,delta_gamma_es,full_revaluation_var,full_revaluation_es
2022-10-18,-3663.671503845864,3663.671503845864,2756.3366250339022,3136.990486178511,2674.876185374276,3106.7381496120856,2614.4165291486315,2972.544121043489
2022-10-19,-1997.6167622032153,1997.6167622032153,2706.319088008047,3081.7667031560486,2611.9247097416605,2960.0297737089186,2528.088500032924,2897.066236457714
2022-10-20,1016.7911806427874,-1016.7911806427874,2645.3837044920883,3012.8806719148224,2618.966169356379,2925.0645799664167,2540.550358416196,2882.2803524771307
2022-10-21,-1528.8492015323063,1528.8492015323063,2678.1339103323394,3049.7981115686894,2801.9573712754486,3182.9177156746255,2657.812169671248,3105.9425154495393
2022-10-24,775.2742536023652,-775.2742536023652,2652.3811699934754,3021.7121340950534,2454.4968307310014,2781.796439533916,2420.0365267660254,2705.7960598006403
2022-10-25,1052.6894024294234,-1052.6894024294234,2678.575668896274,3051.345846788012,2443.435482833359,2811.5694692038187,2410.464807612571,2734.8319414734315
2022-10-26,-1129.7787410967212,1129.7787410967212,2720.199574356684,3098.3706511474384,2532.5490033473743,2943.5995562534213,2460.6996249277563,2859.7278045052253
2022-10-27,-940.9214621142892,940.9214621142892,2694.856344487651,3069.859358824587,2590.6552954152467,2995.197530146494,2600.6882295734317,2930.3303760022236
2022-10-28,-643.8201943104941,643.8201943104941,2668.7312576981903,3040.3907571280565,2628.1075156345646,3016.590745233499,2636.2344767720865,3001.8903408196484
2022-10-31,-686.9756187811727,686.9756187811727,2625.098544637283,2990.449581052743,2530.285970199584,2906.273978794568,2495.0200271744875,2882.8479271734222
2022-11-01,151.4003640812516,-151.4003640812516,2617.9014600736427,2982.655287075087,2439.8351671336477,2763.273269641072,2471.7506116223,2737.031631895482
2022-11-02,-442.704845528584,442.704845528584,2596.0079733180787,2957.264615997713,2540.0680358084096,2908.886063299603,2524.2358716402973,2835.8189453544796
2022-11-03,444.689770905592,-444.689770905592,2583.9572960711134,2943.51338564462,2527.358865673942,2851.1911361998673,2427.964624006659,2754.778781447244
2022-11-04,-688.3316030007845,688.3316030007845,2567.6239514689346,2924.4043990934106,2530.5044902055065,2918.1059503952924,2529.5389529929325,2887.3451857096306
2022-11-07,1985.571379206529,-1985.571379206529,2544.8738574605504,2898.564876274663,2475.6412481103803,2699.8368468999115,2381.1015940145417,2656.7092660171547
2022-11-08,506.5382964215969,-506.5382964215969,2625.989320674826,2990.7187008146016,2429.6234673754816,2765.538455394423,2373.506104412108,2660.6176839852806
2022-11-09,-696.0923485344974,696.0923485344974,2620.620848723631,2984.2052048764594,2523.3835883197794,2827.8424616812413,2445.490466106838,2743.999208197249
2022-11-10,-1011.4405623677158,1011.4405623677158,2606.719250931527,2968.652352458919,2656.2167171671103,2934.5509423899402,2600.0527036002436,2850.3503157328482
2022-11-11,699.0874585630299,-699.0874585630299,2579.8585318982077,2938.339261417586,2490.587271296257,2810.9778125844723,2433.7651614024767,2704.9064585915125
2022-11-14,74.98562851097813,-74.98562851097813,2600.342639704208,2961.360803731363,2548.321172878834,2888.673430622861,2427.5286857877254,2790.120153959544
2022-11-15,930.6093468816325,-930.6093468816325,2604.1043293552443,2965.6780592799983,2519.2315048430733,2867.439066677092,2527.8354344392924,2812.3011115592503
2022-11-16,590.3404695555582,-590.3404695555582,2650.7411519148486,3018.5702142032883,2529.574207462318,2895.668251215381,2407.4355784819145,2853.9473652280876
2022-11-17,627.5166176957209,-627.5166176957209,2655.496890455214,3023.637589308712,2500.3049810438406,2826.34081782319,2344.4576620510106,2693.2013557195623
2022-11-18,-779.4120836136863,779.4120836136863,2687.372928161372,3059.7658390518095,2663.2401580316464,2802.888289418691,2570.5379448603635,2728.3787028582296
2022-11-21,-1814.5740115155859,1814.5740115155859,2663.96464649328,3033.2971894737866,2510.6789609104076,2944.392948729219,2489.8585726453844,2853.7925633044374
2022-11-22,-559.1055890974676,559.1055890974676,2618.613470095473,2982.2111830800995,2521.64603986859,2858.171505463503,2462.943575059711,2810.8351710998563
2022-11-23,-842.1470228330581,842.1470228330581,2602.233161015206,2963.6957309958,2551.8512575509535,2834.2926154409283,2486.0681719851973,2753.6649704684482
2022-11-24,-3.856111117929686,3.856111117929686,2578.6833838024813,2937.020677895161,2478.3203479628837,2802.9307357366733,2363.8433143971683,2692.250778996612
2022-11-25,1128.0126585197067,-1128.0126585197067,2590.7720016979297,2951.8957282419783,2440.685695099011,2703.332754503098,2345.525426864059,2640.667065242807
2022-11-28,750.1661284766597,-750.1661284766597,2603.114716414664,2965.273812493876,2578.3877082663053,3089.951282352973,2516.3736544769595,2994.8752993120484
2022-11-29,568.5792281882386,-568.5792281882386,2629.4733509698362,2994.938763207653,2444.881575795402,2654.5782201493257,2386.283017305209,2586.9179819353526
2022-11-30,218.79116219458956,-218.79116219458956,2647.741057470385,3015.421842958272,2609.2526854869348,3066.156886240079,2515.798041023906,2957.3636424532574
2022-12-01,711.3016972524929,-711.3016972524929,2630.27279014756,2995.2223606620105,2563.6430503331508,2901.5391589358023,2516.94654665768,2828.7618074913585
2022-12-02,-405.39493059471715,405.39493059471715,2657.8075394911175,3026.3136120473455,2504.9908081075196,3027.163021853892,2502.020258912934,2887.986841978439
2022-12-05,446.2644264881237,-446.2644264881237,2637.1082991105422,3002.8239631196698,2776.745691101721,3200.721351913001,2703.763390196692,3088.7207659294954
2022-12-06,1445.4821971613346,-1445.4821971613346,2638.194112035937,3003.764929915425,2417.8155006398274,2784.567708826945,2430.3022311855384,2702.082217574323
2022-12-07,-560.3001662158204,560.3001662158204,2658.6264675895686,3026.4339084644503,2610.185296665935,3057.071052348616,2518.044892837327,2916.3065487043887
2022-12-08,-851.5235083966836,851.5235083966836,2643.22633172428,3009.0262217501195,2609.5364846022817,3011.0699981726425,2493.550429692484,2894.8342733533127
2022-12-09,725.2381983573214,-725.2381983573214,2623.9340518272306,2987.401346051213,2604.422813825352,3072.076325606709,2497.2643545988485,2876.6284677684957
2022-12-12,-454.4241380264284,454.4241380264284,2658.984739626004,3027.355053916526,2823.4998094026237,3219.88333793487,2749.009273824645,3056.7111591041885
2022-12-13,242.52135040863504,-242.52135040863504,2648.26440749782,3015.223007457969,2586.8742336071005,3014.3472034486026,2493.465656851528,2931.269884154547
2022-12-14,1027.4156822226068,-1027.4156822226068,2651.5767856655575,3018.823583942784,2360.658986848071,2770.9554000140533,2251.1509689041336,2606.307606988676
2022-12-15,-482.1830257716065,482.1830257716065,2696.1127112788654,3069.2177981257464,2621.0494694170056,2824.83830632925,2498.7475946078252,2709.033292791187
2022-12-16,-787.3354840479442,787.3354840479442,2654.3722289333105,3021.6006891072234,2580.2930631960585,2917.554679656626,2479.99256114131,2807.7570407439334
2022-12-19,1593.2495659395136,-1593.2495659395136,2636.9865195849175,3002.0586993365546,2416.9735075019694,2894.5893159899124,2354.5372212126094,2745.2136432619172
2022-12-20,883.3146043932575,-883.3146043932575,2692.440513774904,3064.6863716078997,2646.762168531502,3109.6668954370093,2598.703256051094,2953.283106312356
2022-12-21,-1514.637131504067,1514.637131504067,2710.5544477777653,3084.9555645667388,2706.998225823369,3193.678772035451,2625.0522298143997,3035.626702485505
2022-12-22,-19.61537642116309,19.61537642116309,2669.400244769859,3038.5821982187285,2561.327557187381,2988.521835090645,2428.5934212923908,2896.5135235357666
2022-12-23,-274.91141870367574,274.91141870367574,2668.7552987598374,3037.786543795127,2643.7613933642433,3089.494349015981,2534.968601908864,2968.992608720774
2022-12-26,30.34382977900532,-30.34382977900532,2647.6497238652896,3013.72229748062,2506.9545936197683,2938.2093349676043,2490.0304337385587,2842.717021303023
2022-12-27,1707.1471738454857,-1707.1471738454857,2638.796547559829,3003.537920733354,2556.9251151835547,2816.2013180468484,2408.07153717016,2713.860901976875
2022-12-28,-2206.3089177815637,2206.3089177815637,2702.40253279579,3075.5039037241486,2705.918823278866,3075.927978121369,2611.010081080781,2958.3942970073094
2022-12-29,-1750.012532376728,1750.012532376728,2655.273268678471,3022.6178730705583,2500.197276747952,2970.6586500287417,2335.27762125669,2879.744036278019
2022-12-30,451.36238039124873,-451.36238039124873,2597.8893258789394,2957.7263488301296,2692.289795225232,3104.3627316522884,2506.277484190675,2973.4898943101093
2023-01-02,-915.3969118352979,915.3969118352979,2611.696377267118,2973.2410560960884,2580.055444698091,2893.4761566293373,2470.070084301034,2764.1137864151883
2023-01-03,-867.8340452732955,867.8340452732955,2583.4577535547705,2941.391772020068,2359.7058438898894,2691.8695368794934,2235.243724176712,2609.328894086648
2023-01-04,-1489.3507355491165,1489.3507355491165,2566.6683816472328,2922.547620949302,2532.8360018529456,2829.021869015457,2414.837902990542,2729.7475356234618
2023-01-05,1851.881456530733,-1851.881456530733,2535.3313804523445,2887.4506604975204,2381.0529269165236,2863.415558185165,2325.606264680063,2817.910789468128
2023-01-06,1082.8540261309245,-1082.8540261309245,2612.1897928809126,2974.415842494715,2641.153116435918,3014.4401035745273,2547.0296466703744,2889.9904656870976
2023-01-09,-482.90760614487954,482.90760614487954,2652.6313248891524,3020.147990386826,2715.2720133633898,3167.1197475858203,2617.3085031889586,3032.616604404109
2023-01-10,-655.3182503329663,655.3182503329663,2641.9843495294704,3008.223090332153,2673.3756145349444,3134.9156574687668,2611.361938560668,2995.7611524795507
2023-01-11,463.37197211577586,-463.37197211577586,2614.0018964796736,2976.438958345079,2551.4484682382454,2857.744721676544,2474.193918383356,2725.1216106787024
2023-01-12,810.0038240114955,-810.0038240114955,2641.744908144668,3008.034270145802,2565.242385037384,2906.940258034473,2451.670926561223,2786.426199819121
2023-01-13,383.28587076218537,-383.28587076218537,2671.562182240878,3041.814992961959,2538.6270155711773,2941.0948370873384,2435.8933101191574,2798.116460025515
2023-01-16,-52.117091347252426,52.117091347252426,2685.845651768006,3057.9015340128312,2616.861203699749,2909.284952801857,2528.5697864903736,2835.918571163066
2023-01-17,-1125.3359276489064,1125.3359276489064,2682.9837211372424,3054.577432416573,2640.7559377642697,2854.984862081584,2526.1139626803733,2796.1392377680813
2023-01-18,321.59023957242607,-321.59023957242607,2644.7150373506875,3011.2521364967924,2552.8376736814607,3057.854325275621,2452.616264939413,2978.959204016993
2023-01-19,2137.5980613337815,-2137.5980613337815,2659.6965482193286,3028.150659571423,2623.031498730701,2968.516344766747,2441.823508563694,2823.7501406633473
2023-01-20,-1357.336993746685,1357.336993746685,2768.5365258435395,3151.608626476515,2683.9223768418797,3136.7034740749623,2632.2490585994483,3008.434634162742
2023-01-23,-2280.399785482703,2280.399785482703,2734.7374142029507,3113.584911995747,2695.6140243750747,3073.8873456172682,2593.8403230986223,2987.395641674294
2023-01-24,-1472.7747561485521,1472.7747561485521,2672.7548283120773,3043.806063841655,2541.855084693707,2973.6648404635753,2479.395875184049,2880.56100893674
2023-01-25,-90.41837147071783,90.41837147071783,2623.6737482651292,2988.223937385475,2570.339897150157,2879.6432753488434,2472.4210447520795,2784.017233379728
2023-01-26,1456.9055162598816,-1456.9055162598816,2627.099018021154,2992.3038643623167,2640.6469331134886,3119.0725493048412,2659.0264783952284,3002.8932618069825
2023-01-27,1124.1909611929004,-1124.1909611929004,2673.5806256150577,3044.691864048403,2713.9163416656615,3070.1844832613756,2603.370211912097,3022.4547865793943
2023-01-30,-637.4238083335149,637.4238083335149,2706.430536345958,3081.7140165665314,2713.8323511750223,3197.728377656161,2556.392335688766,3068.3882342515008
2023-01-31,5.802916451757483,-5.802916451757483,2682.6583624530044,3054.8189670783822,2648.6741541823803,3206.311153889366,2573.36663718399,3038.4203594809305
2023-02-01,1352.64303897028,-1352.64303897028,2655.141533807384,3023.2010336233407,2550.30947896193,2869.0801125660955,2502.299072209668,2773.733509385928
2023-02-02,7.164746440052113,-7.164746440052113,2713.742875204251,3089.6099932099114,2568.5255760561286,2847.1288100479833,2453.937345712149,2760.36204008986
2023-02-03,1417.8020423276175,-1417.8020423276175,2714.7802923086256,3090.754795290274,2652.7364310097505,2996.7103492046326,2523.113088433395,2908.6856816756417
2023-02-06,-284.2476906679949,284.2476906679949,2756.0616572568983,3137.2692265103187,2657.271915919337,3058.3223585363176,2659.978367738977,2977.6544677323045
2023-02-07,-350.0867152727733,350.0867152727733,2751.4909030396016,3132.0930900321096,2751.309167522519,3166.995529909914,2636.135195406006,3068.212298760764
2023-02-08,1114.808968748628,-1114.808968748628,2749.4002085537504,3129.8253682791965,2553.3970836624662,2931.448504655912,2480.17559485949,2805.5015151392713
2023-02-09,-1043.462476685847,1043.462476685847,2801.2386729834902,3188.5411648794357,2707.853946718249,3211.135230882724,2613.8743477380876,3101.118307221549
2023-02-10,-1288.1768921761177,1288.1768921761177,2769.6437033361176,3152.8327209181325,2690.0557043473445,3048.0795953848383,2625.386793573429,2953.213588069427
2023-02-13,289.31471658614464,-289.31471658614464,2728.892481226726,3106.765589825789,2798.2753502522423,3132.6273060012213,2745.889404391613,3050.6944257572563
2023-02-14,-2270.4961218541066,2270.4961218541066,2723.683782312979,3100.586578654029,2599.5890729955586,2991.451263637354,2453.630737177346,2916.908797014251
2023-02-15,477.08813270300016,-477.08813270300016,2677.751908996819,3049.132351918319,2711.5874052782456,3018.7700553769578,2576.9203821292745,2926.526549143778
2023-02-16,1387.3937998795664,-1387.3937998795664,2695.5068954785575,3069.166443226136,2627.841145317641,3027.5112004545217,2523.4827226986836,2933.1777629236967
2023-02-17,383.8031406463706,-383.8031406463706,2751.158530976544,3132.0939292136713,2646.9489396853146,2923.4479759347296,2494.551666245669,2813.3433598836136
2023-02-20,705.5633608201751,-705.5633608201751,2773.247514909938,3157.109549408957,2466.3833777198397,2717.2431395294607,2357.9599961908507,2646.370010011155
2023-02-21,325.7133776442206,-325.7133776442206,2777.0306818645886,3161.1013762653665,2652.7809445859534,2992.680423120199,2531.2379930822153,2887.126072463455
2023-02-22,-13.966622103151167,13.966622103151167,2797.280704722482,3184.029521276201,2714.242033865337,3116.93220319551,2684.692017425336,3050.115959967008
2023-02-23,-816.8965489838592,816.8965489838592,2804.1011308725606,3191.761980519265,2937.3608797124284,3278.897541273548,2813.6726367645947,3203.5893236922684
2023-02-24,-61.83077204528672,61.83077204528672,2747.648258158045,3127.6341305662886,2571.9060280763624,2896.0414634976273,2509.99362126465,2822.625781039297
2023-02-27,-1406.6629532686056,1406.6629532686056,2741.5963867207324,3120.6648310857527,2549.815409729817,2785.0169989756478,2425.999919732517,2686.725743691721
2023-02-28,1564.9578463210055,-1564.9578463210055,2711.9280616395163,3087.3846245763734,2732.9572777920803,3037.0438687227875,2591.270313484712,2973.3675832050667
2023-03-01,93.55770689347264,-93.55770689347264,2767.1361698059154,3149.7470766687106,2950.437820572205,3337.290187632344,2835.9021469241243,3222.192571134174
2023-03-02,-35.30509743598668,35.30509743598668,2799.2896993441445,3186.4333811051984,2741.633418270028,2988.6408803518507,2649.086603973569,2886.2621458796793
2023-03-03,-147.5012265595651,147.5012265595651,2788.040497975309,3173.5462700418607,2711.857316977504,3324.736181734639,2572.967493521591,3202.8815421473014
2023-03-06,504.80161342716747,-504.80161342716747,2784.397936711243,3169.3716148324656,2832.698006409756,3146.8057465288994,2671.4409734660157,2995.7253793634836
2023-03-07,1424.7950285120314,-1424.7950285120314,2745.826248275409,3125.077321873772,2822.8182621906735,3141.2251733814905,2626.361208559744,2994.749773941818
2023-03-08,-784.1391313103813,784.1391313103813,2790.1305406129654,3175.0268743200095,2576.823142221679,2996.4778506807165,2542.841674614439,2867.8212064698664
2023-03-09,-1430.8932198858674,1430.8932198858674,2738.5362362668416,3116.4402852678077,2753.6149396645105,2999.3748787558493,2639.533497760589,2936.2638479807188
2023-03-10,1847.3813511647604,-1847.3813511647604,2716.0039882232245,3091.361107951044,2658.334664459168,3022.3392434044695,2587.1352993718147,2907.643369025621
2023-03-13,163.19555772027525,-163.19555772027525,2783.5929674514414,3167.731662549978,2781.1216263397073,3044.707294689959,2660.2706370376577,2950.487610934889
2023-03-14,360.0460243421621,-360.0460243421621,2762.854894574306,3143.8546426402113,2689.899620676854,3009.965321922483,2620.019594504659,2910.642353892897
2023-03-15,2461.171982136824,-2461.171982136824,2770.016493285634,3151.846939773412,2696.55701602613,2992.243399805614,2625.4821490148893,2916.3291967017244
2023-03-16,-332.79732499439706,332.79732499439706,2840.9955283053505,3232.0293655333,2778.4108792031348,3183.9622266689958,2597.1023803017865,3029.145102513666
2023-03-17,-1560.960215448249,1560.960215448249,2817.391759052833,3205.1874461551265,2818.552092751215,3101.0661414006486,2749.75508582929,2978.0535260230936
2023-03-20,1112.2054794958967,-1112.2054794958967,2806.6179067663443,3193.4943704039333,2590.62126183498,2909.1825836154467,2495.593808934974,2799.6472291948185
2023-03-21,-987.1898800050039,987.1898800050039,2883.411399530453,3280.633729177727,2833.3960283158062,3221.967383267124,2742.879228977412,3096.0468095976003
2023-03-22,832.6517570639553,-832.6517570639553,2838.45263971509,3229.6030256163076,2749.0409395197594,3206.2457809532607,2689.5532543778027,3091.868087586735
2023-03-23,666.4166863405117,-666.4166863405117,2792.500101525948,3177.158132010344,2662.6152771923057,2936.8239048383502,2520.661437805019,2848.841030258254
2023-03-24,-1049.650241483323,1049.650241483323,2819.1973646487386,3207.3265240421915,2755.8716918718906,3155.6537302056495,2661.55644003296,3026.107831934486
2023-03-27,-1535.790847912307,1535.790847912307,2784.7418824836805,3168.361092129162,2781.0743541498623,3256.9378368975686,2700.587118044637,3098.4317040542815
2023-03-28,-467.827742604175,467.827742604175,2747.607365366654,3126.5544789121827,2694.219862585189,3038.051331756103,2616.779440055191,2929.414696220629
2023-03-29,-48.9781532584675,48.9781532584675,2723.058044924827,3098.6154149258105,2641.5113638316316,2990.1526378725284,2542.731162275067,2883.1104943203836
2023-03-30,-2368.983609237883,2368.983609237883,2733.7932554843146,3110.817497172234,2627.662353643574,2996.706938355823,2544.319041811391,2860.764783781442
2023-03-31,-1539.3013483301256,1539.3013483301256,2694.1046457425323,3066.5547084869645,2616.88367544018,2940.1261886962347,2540.6146203980256,2818.457488937677
2023-04-03,77.28907865796646,-77.28907865796646,2650.2366877236136,3017.0664910970104,2574.762317916379,2911.9710240817794,2472.336952478962,2829.9699360139207
2023-04-04,-61.56732052886218,61.56732052886218,2634.594442195653,2999.090469364566,2515.4077400258366,2791.2095106859692,2409.0880790029078,2662.9959682551807
2023-04-05,-1930.3199566942567,1930.3199566942567,2621.1529341815562,2983.665542316074,2499.590101803834,2959.1049878496515,2455.017934650125,2888.8709361645942
2023-04-06,-1072.9453792698769,1072.9453792698769,2574.873561370821,2931.6768403082906,2428.140876753714,2685.295548802146,2308.5660050600804,2556.6517938034663
2023-04-07,-311.76422604868276,311.76422604868276,2535.0402483293087,2886.5186072368356,2633.8982845815976,2871.5536537725816,2515.8334586690535,2788.543197660478
2023-04-10,122.40472642902023,-122.40472642902023,2528.2126440059546,2878.780435554511,2410.0972116257526,2699.54057120185,2336.649729286373,2613.552624237022
2023-04-11,237.64801157808688,-237.64801157808688,2534.898476565639,2886.355093419375,2472.9281247657686,2773.1196662456905,2328.0967424764995,2658.0611689513853
2023-04-12,186.36903501296183,-186.36903501296183,2545.663991185129,2898.493550663124,2552.8891749271397,2810.4778201506224,2466.308820652141,2724.8196635253867
2023-04-13,-1710.6434709738824,1710.6434709738824,2539.064140651334,2890.77391761948,2492.6191980226095,2878.723514129561,2479.7798686570645,2821.5647893873347
2023-04-14,-965.1639098764863,965.1639098764863,2480.8233321008142,2824.871846927853,2330.4368712067553,2639.3604887079914,2307.9986426852743,2600.057174767375
2023-04-17,569.0933155576204,-569.0933155576204,2459.4324155906074,2800.81605605686,2474.709988951619,2792.3358883551155,2465.4417403592856,2801.4180237133614
2023-04-18,1333.7416934248977,-1333.7416934248977,2462.9229586276697,2804.4369916805817,2304.105747030874,2783.4738160339703,2225.1775854866605,2660.9826687740233
2023-04-19,-2473.717614561101,2473.717614561101,2471.458488942999,2813.5479462287844,2340.559051277762,2683.1536619065178,2301.462453192724,2588.7212224796576
2023-04-20,1718.8932989647437,-1718.8932989647437,2422.0425267845417,2758.3167602636336,2491.8365059547286,2770.753101480134,2378.7821179068683,2707.7025568116824
2023-04-21,1514.9519494675042,-1514.9519494675042,2498.6649627203983,2845.3224215281375,2332.430052692266,2699.918185307269,2270.338000080699,2633.84465579303
2023-04-24,-1698.5710383483092,1698.5710383483092,2559.4885538691933,2914.1308628509228,2434.033458432676,2883.0167888183832,2364.8502867802567,2748.9955564605975
2023-04-25,565.3296523355093,-565.3296523355093,2529.1477796519603,2880.3457409388147,2454.3552742768998,2799.9070351742125,2385.7623832889617,2729.6884636590635
2023-04-26,-758.873481177623,758.873481177623,2551.2883518764775,2905.4298417470786,2580.679766887522,2917.619270097006,2483.7905669860443,2814.621247047024
2023-04-27,260.7351756426797,-260.7351756426797,2524.4996702877156,2875.081755890108,2411.5727750715196,2784.839182446809,2351.786149597358,2695.597517302043
2023-04-28,328.80139403884095,-328.80139403884095,2534.1775531811063,2885.9461333980607,2417.3351443273923,2789.3885905441693,2328.352373441071,2723.7633541806094
2023-05-01,2129.2694167736627,-2129.2694167736627,2517.41745254495,2866.5537738038333,2441.0678375867165,2748.5494613207384,2376.1118410891713,2630.319631144423
2023-05-02,1879.1828264896685,-1879.1828264896685,2613.9176578504007,2975.901930067118,2578.894553588656,3042.975402413678,2558.573221992256,2969.4473567596597
2023-05-03,-773.393686528856,773.393686528856,2693.1369814015147,3065.616339978668,2611.679501826216,2971.6667832065054,2494.5622817822987,2868.7541947825657
2023-05-04,1187.0800323295261,-1187.0800323295261,2668.052671809334,3037.2476242693156,2545.431016381749,2916.078776801426,2413.442341232093,2815.0369767157654
2023-05-05,1598.1442858930968,-1598.1442858930968,2700.921102671342,3074.3055868818687,2512.5492083463264,2988.7212059964286,2403.312819741368,2855.885894173335
2023-05-08,1341.834923199909,-1341.834923199909,2781.168889679452,3165.24294575192,2819.210884405646,3152.5663989769105,2673.384759863233,3036.369765218183
2023-05-09,2761.561069249685,-2761.561069249685,2776.9596205525845,3160.099263207236,2586.630959040956,3039.3141559427113,2510.290253104329,2937.2641990800907
2023-05-10,-501.51449184587545,501.51449184587545,2823.6504196199658,3212.658622659909,2772.8320749002924,3204.7409292887196,2690.738699341205,3104.2408454649644
2023-05-11,162.78012362265144,-162.78012362265144,2800.345437593108,3186.229328943798,2637.081671713033,2917.4828612138763,2562.6523460296044,2833.4284026511255
2023-05-12,-1160.9670746627671,1160.9670746627671,2805.4987253361683,3191.97857700408,2532.021843048593,2819.476217726164,2443.924037158687,2737.3532669299025
2023-05-15,-410.3191027454013,410.3191027454013,2765.238287499761,3146.4465934245327,2689.4411318435705,3095.045767075406,2562.1303111243506,2989.739536256397
2023-05-16,-313.81205016650347,313.81205016650347,2755.3226194813114,3135.2124900419603,2678.22205638545,2972.246172145721,2544.92001647951,2894.0592233498946
2023-05-17,-1245.1836513559392,1245.1836513559392,2734.1921699121035,3111.1932117980973,2645.87178048478,2956.3165674738148,2545.4902239805347,2851.5716359619046
2023-05-18,-901.243557471782,901.243557471782,2721.6217463710204,3097.2867329342225,2558.5684504333262,2923.9270978177515,2464.109692983796,2826.1321604444865
2023-05-19,-1371.034761277675,1371.034761277675,2704.9651139915677,3078.5967461708633,2585.3982612704613,3037.556495441654,2560.514186589251,2925.4287173377193
2023-05-22,1168.896296948522,-1168.896296948522,2664.4223947358405,3032.8139618257746,2767.129403184389,3167.6538627405853,2680.9367243341185,3016.5718869967795
2023-05-23,-495.4567355364052,495.4567355364052,2661.154502798509,3028.744381983705,2580.9178502231125,2864.858340719268,2496.5652141076007,2764.4949576251015
2023-05-24,-608.5414149332792,608.5414149332792,2666.6053253185632,3035.0816257183783,2483.9051764361748,2901.362566652604,2426.2232015955856,2783.048784284972
2023-05-25,317.09432210813975,-317.09432210813975,2642.1058528492863,3007.308728351144,2675.9341167564285,3162.975554643531,2609.459185619939,3042.2923037102328
2023-05-26,468.95393707355834,-468.95393707355834,2652.366800635393,3018.8318555371175,2621.699801738877,2943.64330046355,2547.809831492349,2822.2681546790673
2023-05-29,-158.59332938816806,158.59332938816806,2659.9352533306155,3027.228102620313,2470.893241805678,2785.531330939287,2426.2900807721826,2696.6794850941665
2023-05-30,-2344.438272642772,2344.438272642772,2624.705507838048,2987.099796766131,2669.1430820596906,2912.0623078865874,2586.437825512172,2812.511022944207
2023-05-31,23.938188223757606,-23.938188223757606,2594.0554562572506,2953.1060720459523,2504.1019864565187,2840.6112796135862,2416.509575478682,2701.7112848165866
2023-06-01,180.74545624923485,-180.74545624923485,2605.3748558951197,2965.960568451878,2612.711878522723,2910.8420694127294,2488.90363643692,2834.146410915397
2023-06-02,-821.9623173278524,821.9623173278524,2593.33915360682,2952.0707455721895,2493.8666760738665,2794.6549729845788,2417.563007065338,2733.704632656406
2023-06-05,933.9811976731507,-933.9811976731507,2570.8266327318884,2926.642165339148,2352.4086120490765,2794.823490853023,2294.5966891057687,2707.804396993149
2023-06-06,-1196.433581946847,1196.433581946847,2621.3812553359867,2983.92447261097,2596.9197335734207,2906.9810716876977,2526.717995757156,2799.8604983779305
2023-06-07,352.980704165675,-352.980704165675,2558.7819020249945,2912.9647500598035,2449.398555080202,2788.2661568905205,2429.351772683715,2701.5176692165633
2023-06-08,79.48986527579837,-79.48986527579837,2557.716169896634,2911.5178254699085,2509.7903735459704,2990.900100121483,2413.391451090334,2865.445932690572
2023-06-09,-367.4996395995113,367.4996395995113,2537.1296619089712,2887.9125275562956,2503.2877155292294,3026.6916892634135,2460.373305745791,2920.8144508506766
2023-06-12,-2251.1915455132403,2251.1915455132403,2527.199575067867,2876.662088042701,2457.3511638956834,2706.8488181944767,2387.5964909085264,2636.737278125263
2023-06-13,-633.8936827832586,633.8936827832586,2483.604119052419,2827.8582012905363,2420.2547442082973,2796.782287630179,2365.9354365561035,2701.8647961736788
2023-06-14,-155.79241179567907,155.79241179567907,2458.458254766431,2799.3425496451987,2411.4498930104332,2785.514229910128,2363.611516823848,2657.6057429354923
2023-06-15,971.9526893359798,-971.9526893359798,2465.5041521624166,2807.459857525259,2385.007980192394,2775.395097349306,2306.3863158937756,2696.331732049989
2023-06-16,-661.2304198911952,661.2304198911952,2528.874677631495,2879.5457289768246,2515.60640531618,2783.1624579267973,2403.055321377406,2670.1173525767563
2023-06-19,-1462.5153510574382,1462.5153510574382,2506.120814845087,2853.774024473778,2440.2568238332988,2707.7089103889352,2290.4062066556285,2603.9709280353864
2023-06-20,517.711308207472,-517.711308207472,2475.4265831172015,2819.404795008377,2481.909262589937,2916.6392653254675,2438.0399527337017,2852.6070955239584
2023-06-21,1612.2904039863643,-1612.2904039863643,2488.6520830080563,2834.218324257615,2334.3280786267173,2659.9113558170475,2312.882257611028,2635.454559925609
2023-06-22,259.3422784061768,-259.3422784061768,2542.6980021241884,2895.2052686322377,2407.4118839974403,2794.935440487751,2347.277332047566,2677.5796097538678
2023-06-23,-1746.1067631751866,1746.1067631751866,2553.0988307739035,2906.917766158142,2403.106606226177,2704.797550347625,2358.3604425276408,2614.1503835909884
2023-06-26,-601.0043239526931,601.0043239526931,2504.686372626525,2852.3194306275436,2510.9895845211067,2880.0378890643337,2388.914249731852,2736.8443681092317
2023-06-27,806.8174293623888,-806.8174293623888,2500.032853274188,2847.309189671445,2369.366098172967,2680.144547794749,2276.4345007352767,2607.5672351774942
2023-06-28,-1368.4937110377577,1368.4937110377577,2514.80553110481,2863.7046858085537,2478.888735129991,2776.1542971192807,2418.357594260392,2704.376608191577
2023-06-29,1017.88246154839,-1017.88246154839,2497.441394871081,2844.5474067735995,2297.3025455495504,2605.922174779407,2158.7581398449875,2548.8797089335785
2023-06-30,137.01813464105362,-137.01813464105362,2542.1361238341024,2895.2244434437607,2590.012018745419,2956.861879453828,2460.849296689428,2852.5229346051565
2023-07-03,996.0637726220448,-996.0637726220448,2528.070622604566,2879.0231455762696,2453.1569591446573,2806.4908315802286,2381.8531326709494,2716.7553955772596
2023-07-04,-276.03913132498565,276.03913132498565,2562.2427961670237,2917.5850149132666,2484.009828036438,2933.6112010131524,2443.3777309434886,2818.0280224774383
2023-07-05,1064.9653746064068,-1064.9653746064068,2569.9238730882853,2926.478228847751,2490.5152200462376,2834.274777257448,2347.275380013745,2723.573359449801
2023-07-06,532.6854862285982,-532.6854862285982,2611.9240954025104,2973.966503871016,2411.493676742495,2730.394202843471,2288.4600232873277,2591.5825420959404
2023-07-07,281.17669438789744,-281.17669438789744,2623.2055537749425,2986.585291642808,2636.541521049696,3018.2060714347617,2583.509792313958,2879.932622157962
2023-07-10,330.62552631149447,-330.62552631149447,2607.9747831544864,2969.0617470839175,2575.6995675210674,2939.784769535728,2473.553054990931,2823.858645841191
2023-07-11,-938.9917644719899,938.9917644719899,2625.324859217335,2988.6863095143876,2576.9739535362874,2990.181560925854,2517.7309148615554,2886.25451623275
2023-07-12,-528.8789694999286,528.8789694999286,2610.9216192632903,2972.6125344741936,2498.507688469052,2794.078838042253,2393.590385613893,2678.478065398739
2023-07-13,2506.918328591004,-2506.918328591004,2579.9494589473798,2937.3836115023714,2581.02833194469,2963.9241376054624,2502.178548670301,2818.217081010419
2023-07-14,724.8924640165133,-724.8924640165133,2621.8940007172787,2984.530712055169,2574.9819880595633,2984.6041291541883,2492.2798720903597,2839.180862246281
2023-07-17,-16.973165958326717,16.973165958326717,2681.9414982841527,3052.728765684401,2575.120944946816,2898.795631763768,2431.7199375957803,2768.9622120042263
2023-07-18,-826.6769709440341,826.6769709440341,2654.862277631404,3021.829490326598,2630.25376598392,3091.7833570659423,2562.0636653657984,2941.3891229923474
2023-07-19,676.0431682055932,-676.0431682055932,2639.044508629388,3004.057539146998,2542.2686079260648,2847.244884348559,2404.0847166733265,2750.7257421226996
2023-07-20,-1973.2287338960014,1973.2287338960014,2668.162972495416,3036.933086542953,2549.6905994270987,2881.3414453881005,2464.2195623948437,2775.3798745181202
2023-07-21,-1724.7844360098607,1724.7844360098607,2625.1810407054345,2988.6681038849424,2592.1677149311313,3071.2068697576747,2519.16168341316,2975.51269055767
2023-07-24,-372.6075727283096,372.6075727283096,2602.7580301307125,2963.943645666286,2583.880552947209,3042.5294375555804,2500.0656232438155,2943.813948850386
2023-07-25,-1310.0974371770208,1310.0974371770208,2598.1789139436128,2958.827579239277,2623.0842111300976,3037.5091052689118,2480.537877736347,2893.9294024974306
2023-07-26,-1021.0682878050575,1021.0682878050575,2551.5156153770968,2906.0331915707907,2506.0484655510663,2862.2101242054728,2383.354852214201,2721.011146014416
2023-07-27,581.9518363960087,-581.9518363960087,2522.6946521510963,2873.5074527518823,2392.6024107210246,2803.5466622130866,2316.576967054088,2692.9587699949784
2023-07-28,742.651950552201,-742.651950552201,2524.9725605804633,2875.784661249509,2437.9032606214064,2736.2212360684457,2365.751193215552,2655.9146971281057
2023-07-31,-1419.4427910848754,1419.4427910848754,2515.101413947567,2864.2016589981768,2317.0090206799905,2764.8981350030303,2222.856156181459,2642.570380786631
2023-08-01,1647.0971231989606,-1647.0971231989606,2475.6977939433436,2819.7731002453943,2670.724644805967,3034.4883891206478,2493.326881686519,2979.6865918939125
2023-08-02,-660.9552035733577,660.9552035733577,2542.0049402069635,2894.8199329757363,2534.2695134192077,2893.5468560043764,2451.1461532383164,2802.80332076488
2023-08-03,-355.5804106761061,355.5804106761061,2514.4762780619203,2863.5904598085963,2440.7243140462465,2724.3266174671026,2373.6071607628537,2596.543239596619
2023-08-04,-601.9434812357067,601.9434812357067,2471.703700792657,2814.847074322329,2458.8361160240083,2736.011032440626,2390.6082531978564,2664.432778565317
2023-08-07,358.8263950818364,-358.8263950818364,2452.9921520224716,2793.704259145481,2323.680161169446,2615.5760986811533,2220.8854134183543,2569.664527010276
2023-08-08,53.12055157333816,-53.12055157333816,2467.7832057432665,2810.4050449552774,2333.4423550811225,2585.48141444449,2196.750059692377,2482.789737422576
2023-08-09,-67.20653708637838,67.20653708637838,2483.3984320735126,2828.2053648135793,2367.1819521735247,2760.73598282854,2271.623659636722,2634.178864982402
2023-08-10,5121.8698038534785,-5121.8698038534785,2471.308969041732,2814.344791399333,2385.275426200089,2685.3766847419315,2280.1274695273937,2531.468093427492
2023-08-11,-1122.7880227133428,1122.7880227133428,2702.884085464953,3077.2300864509225,2557.4246650417876,2906.265774775272,2443.7357348666706,2766.3187449219486
2023-08-14,1422.4210677849405,-1422.4210677849405,2709.0696625618734,3085.051589566527,2674.2466271049993,3087.2415192540584,2564.8267131702046,2938.439316250876
2023-08-15,-1572.929552678499,1572.929552678499,2764.8922071678185,3148.30547725712,2481.3790903042805,2853.6486285948254,2432.8844782788697,2754.4513024008747
2023-08-16,-1691.3215321947937,1691.3215321947937,2725.8650628594587,3104.3645873215028,2657.402664492164,3063.6057948595485,2603.3950675661345,2920.45399718987
2023-08-17,552.1843281134352,-552.1843281134352,2660.7471506445004,3030.6657176386325,2558.74723953585,2912.774993273964,2440.11563788146,2798.4027856931475
2023-08-18,-251.16475653186353,251.16475653186353,2673.744350111595,3045.5775325111013,2841.4236130299705,3167.8175012333077,2639.7318592236265,3069.4606420936516
2023-08-21,-1485.8588024840647,1485.8588024840647,2661.89287318439,3032.069304483187,2654.38445390753,3044.913738293325,2521.30809829592,2928.9926941066533
2023-08-22,871.3994811723242,-871.3994811723242,2606.2127221800147,2969.439564958572,2472.6182421736803,2914.6546531626545,2428.7426475209245,2814.7101059287866
2023-08-23,226.3444336770117,-226.3444336770117,2645.3884897033986,3013.7765914609636,2458.5571969945354,2761.4117329113246,2304.823047132468,2632.9931539871513
2023-08-24,375.3891613015221,-375.3891613015221,2659.878042235212,3030.1959122612498,2749.4912134118363,3162.446492951335,2639.2593391367295,3022.644565955486
2023-08-25,-14.912730754716904,14.912730754716904,2690.1372451987004,3064.572895089332,2738.4209109681087,3078.1775543730205,2554.3584208456687,2886.1793016579786
2023-08-28,1381.4371951586,-1381.4371951586,2685.152407947409,3058.826939671059,2521.252624240333,2927.677766444677,2479.266867204752,2844.0905529102542
2023-08-29,-264.47339805818774,264.47339805818774,2762.1638540320255,3146.246009509327,2682.354171155545,3028.7616688948137,2549.364335369663,2867.826366710614
2023-08-30,1073.9309852183287,-1073.9309852183287,2738.071609428899,3118.7551046049534,2506.5515992481346,2708.0208400118736,2399.8039608947206,2584.3218411630332
2023-08-31,275.3692259267191,-275.3692259267191,2813.895218114829,3205.121868283621,2667.7396885929415,2955.383792071902,2537.7105881759226,2845.5040400390817
2023-09-01,622.2491479040327,-622.2491479040327,2786.8712735781405,3174.095337324324,2550.9029959069508,2980.6870177385854,2506.0806501737848,2832.304773854058
2023-09-04,801.2322077600547,-801.2322077600547,2837.1471050241794,3231.269758508809,2841.311885068298,3315.5063568075443,2722.436028161968,3148.579190106773
2023-09-05,1635.3427529264154,-1635.3427529264154,2867.820549555812,3265.9706858217123,2693.4012346524587,3017.0029733399138,2616.1975036526205,2876.112235851467
2023-09-06,-904.5750882024295,904.5750882024295,2966.9752590603016,3378.543043401283,2840.896015491347,3340.5277000857036,2652.083931957386,3167.5769817657992
2023-09-07,2357.0402185589046,-2357.0402185589046,2950.8125221105734,3360.3906214906324,2666.5087710284333,3133.6672639610633,2611.751426279645,2967.3889242042305
2023-09-08,-1415.0675573170156,1415.0675573170156,3004.969662978898,3421.571148472747,2906.7045841523945,3439.7649607900194,2807.0038528425594,3262.0403642660876
2023-09-11,-2049.2995672634934,2049.2995672634934,2948.481889244754,3357.5818943916947,2818.821276680526,3250.7378899259425,2703.246243367224,3084.858689511463
2023-09-12,-1094.5140242840716,1094.5140242840716,2890.7240104998914,3292.416372321761,2577.7842733142297,3020.325463078189,2437.763781491106,2759.049820201316
2023-09-13,-1193.1286056895624,1193.1286056895624,2837.940966471327,3232.5132684392415,2582.769195462873,3014.800127119609,2447.636783140074,2850.812462229907
2023-09-14,997.9893624300021,-997.9893624300021,2807.244770176556,3197.951120843888,2866.7776087693246,3213.7531249319572,2676.9464880500445,3068.9000463266293
2023-09-15,541.4189075083705,-541.4189075083705,2832.6574838608844,3226.5641972703665,2701.0349465498844,3005.4532088349415,2611.9197418504427,2863.672119962047
2023-09-18,1192.2766036056346,-1192.2766036056346,2834.013635615874,3227.942211229856,2591.6270911344354,3113.808582053114,2542.5932443520696,2968.8357011459234
2023-09-19,-2263.70347448704,2263.70347448704,2878.0736449819997,3277.820233160601,2649.3392033201358,2989.273860718976,2505.7552886610683,2777.752764111532
2023-09-20,236.7150627089868,-236.7150627089868,2776.5774212102915,3162.7075407106176,2662.4904605627694,3039.8523014741436,2474.9677973535213,2846.747356174088
2023-09-21,-439.262879006048,439.262879006048,2784.203061297926,3171.250116107389,2770.229615669603,3068.228886733846,2543.7767157323674,2901.7510114466304
2023-09-22,-860.8239441651531,860.8239441651531,2775.6717214031446,3161.62542913723,2611.987272071531,2962.619766833858,2470.2653022645677,2766.0133490718385
2023-09-25,-1162.7373601956497,1162.7373601956497,2734.659386031402,3115.051852504011,2705.8849324946755,3072.9116260840974,2594.224100426394,2937.293181673632
2023-09-26,-1354.9713370427053,1354.9713370427053,2697.5531949652045,3073.293440451985,2596.2012407572442,2846.0729970018992,2396.443761743101,2674.1693109438215
2023-09-27,1098.595250615952,-1098.595250615952,2625.7714123158657,2991.698508342918,2530.700606156852,2825.1625204809375,2379.4966004671764,2668.6833637831082
2023-09-28,-1286.9410094299892,1286.9410094299892,2671.101225731315,3042.978958766148,2532.9618367130856,2858.848394948905,2408.7690587922034,2759.170163836806
2023-09-29,-525.0560245342494,525.0560245342494,2630.3489853297665,2996.994304953207,2606.818699898709,2908.063528776182,2499.393063568827,2778.310683192295
2023-10-02,-806.8128851392503,806.8128851392503,2608.7981012227065,2972.567050758854,2473.5137289765407,2861.9853152003516,2371.5463162271617,2732.44125933562
2023-10-03,-1879.1855812924332,1879.1855812924332,2576.0940254198067,2936.02467432662,2480.2644740988003,2823.213958284581,2421.4901078768726,2786.766685461025
2023-10-04,1331.5591999755343,-1331.5591999755343,2510.113711490368,2861.297566454794,2519.7252182438633,2887.362762554312,2439.1285925034804,2842.359738185146
2023-10-05,-805.3324427729967,805.3324427729967,2539.8289677646335,2895.337472556486,2574.104838947667,3011.837793293314,2549.256427541828,3093.2807600869137
2023-10-06,1223.1917018289423,-1223.1917018289423,2527.170227494965,2881.067014262178,2525.158047137391,2817.9181496134547,2492.165675440216,2812.5358265119894
2023-10-09,92.32779712325282,-92.32779712325282,2529.6183721197012,2883.0881689656426,2487.659240978014,2993.9957874168067,2476.6928467658704,3027.099722622346
2023-10-10,659.278435685268,-659.278435685268,2544.744376548104,2900.8169272114487,2463.5235444571563,2832.6190494894618,2439.8883953510554,2788.9256971281916
2023-10-11,1176.0937799405729,-1176.0937799405729,2552.6598790717735,2909.6686469059878,2419.0924811700784,2678.343320336772,2341.2128400415468,2584.32151002419
2023-10-12,244.7544222345241,-244.7544222345241,2580.9278709376736,2941.4689812893284,2422.4795356454256,2800.2260430048045,2338.1035224919356,2775.272338576219
2023-10-13,-985.6553260139372,985.6553260139372,2592.75780218732,2955.0418529152166,2519.3729896965015,2873.9990594133533,2456.3735594174505,2772.8818702863996
2023-10-16,1426.7546471528694,-1426.7546471528694,2596.02597413019,2959.403674279593,2527.430925312521,2886.634223016562,2548.251432096259,2886.5282188315396
2023-10-17,1481.7331410848383,-1481.7331410848383,2633.5161555751865,3001.6668315989746,2477.8435319427745,2964.5644514144788,2397.3232710652665,2916.263263847098
2023-10-18,54.43689656179777,-54.43689656179777,2673.654954025734,3046.735231901278,2544.8796271966817,2941.205187242186,2601.8172127809385,2866.6659307808186
2023-10-19,715.2958374584414,-715.2958374584414,2677.835814867221,3051.5851248789145,2512.0034011233224,2805.8793245476063,2382.7096714289414,2793.4569525450397
2023-10-20,-185.93145807803376,185.93145807803376,2702.208675890652,3079.2697482045323,2561.3220812361396,2885.6249383750173,2531.5498348970928,2838.168915370528
2023-10-23,304.1075958647489,-304.1075958647489,2698.784936627853,3075.3716934298495,2574.8486716211614,2890.10758014219,2486.075195241544,2837.585046708989
2023-10-24,1640.6011069593078,-1640.6011069593078,2675.4614200430706,3048.3573367502013,2643.8283398388776,2912.170062157778,2529.2745605795158,2851.173859563161
2023-10-25,-294.6874778762649,294.6874778762649,2747.267032174683,3129.656369216983,2608.036126717377,2983.397792746274,2541.4550743647974,2874.910007949741
2023-10-26,25.584656248443935,-25.584656248443935,2740.9692806163184,3122.5193544119993,2505.0416126629857,3033.5264080076786,2399.991540836245,2920.6297306740253
2023-10-27,2553.802949983481,-2553.802949983481,2743.434287691623,3125.275861321827,2551.893044792075,2918.9098019823773,2355.482179823699,2785.569887300024
2023-10-30,435.36266730036004,-435.36266730036004,2898.534063255575,3301.5037280272354,2894.913919032461,3196.126444910336,2743.714401372608,3064.884731673158
2023-10-31,-396.5379686324304,396.5379686324304,2933.7747998006716,3341.678972788946,2802.6443978470543,3165.7688300112854,2682.4335282775232,3059.021034962856
2023-11-01,895.2149337336887,-895.2149337336887,2903.124843387273,3306.7554704981135,2811.9380751488507,3290.9491171769973,2620.5393192555443,3106.4801523582933
2023-11-02,998.090881478849,-998.090881478849,2893.504314626891,3295.5147746401485,2667.8223415389593,3204.243238871374,2566.239347187692,3007.7307167234408
2023-11-03,1531.8373257149506,-1531.8373257149506,2951.5330825119595,3361.3836595097014,2725.1673594563076,3124.4838760139382,2589.8873874193177,2980.56793295054
2023-11-06,453.4280579043916,-453.4280579043916,3019.8319300002677,3438.8240589779884,2796.169803229496,3254.682630512106,2711.089865909145,3130.885022354755
2023-11-07,886.3082172682189,-886.3082172682189,3061.2118212966047,3485.810209097384,3037.283889565657,3393.0731508066806,2813.8639863013755,3242.7905153641486
2023-11-08,640.1395167201845,-640.1395167201845,3105.4515726234895,3535.9471808747703,2931.6586902737963,3371.9826972733135,2810.7431861425885,3172.9194037537304
2023-11-09,-1160.268415062179,1160.268415062179,3140.4748615410676,3575.640999546392,2818.0776539826625,3093.2394004851567,2699.0054459390412,2984.54280389726
2023-11-10,-694.0765781974624,694.0765781974624,3063.888106492859,3488.5175923941674,2871.8484725489275,3291.0792411358902,2689.636673521206,3124.029904167635
2023-11-13,-2732.9999656944274,2732.9999656944274,3058.8115130646374,3482.9931857858683,2937.391897468363,3340.18202688529,2847.6247427877156,3222.8439596998905
2023-11-14,1322.6870945657865,-1322.6870945657865,2973.376745325135,3386.5133580461916,2837.4195096472786,3104.01365350962,2735.891337727623,2988.2648213779967
2023-11-15,127.83721637602139,-127.83721637602139,3036.414268581446,3457.9960099028767,2895.3740014697937,3230.2753500942395,2743.7473504937443,3078.6330064192084
2023-11-16,986.5371909223613,-986.5371909223613,3010.692444158656,3428.5610368895163,2971.7047059437236,3453.2563281333073,2857.567974156144,3255.2048909093332
2023-11-17,1071.300572282351,-1071.300572282351,3073.201150314684,3499.5153676837763,2894.8045690637764,3279.779452638345,2775.6551388178677,3119.755390188492
2023-11-20,517.0719110850623,-517.0719110850623,3124.370018049732,3557.4918643155847,2936.536828583524,3353.721511896884,2781.807603590809,3226.074433790638
2023-11-21,288.1513930787187,-288.1513930787187,3142.8379612966737,3578.338854259833,2937.564856918001,3351.7423245512423,2890.2769174883847,3227.483306426284
2023-11-22,419.1461239411001,-419.1461239411001,3132.737038762419,3566.663371095323,2944.9846716082693,3316.8187652595443,2845.9953616733214,3182.865228403969
2023-11-23,122.40066514864884,-122.40066514864884,3091.2653560819217,3519.312891056942,2933.9825307619235,3309.2185036661513,2843.6106577831365,3206.345319181856
2023-11-24,-861.4852153024622,861.4852153024622,3065.9779165012474,3490.3831101095093,3038.826140401809,3394.9104284123555,2824.078155653791,3232.9380333348954
2023-11-27,-1329.0519694066752,1329.0519694066752,3048.990738329818,3471.27607714526,2767.6941614046036,3151.3855960637584,2625.4574997584346,3043.359488991392
2023-11-28,-744.5238186602,744.5238186602,3022.299639337586,3441.257895962703,3040.7381920705852,3441.7168886265526,2970.08325498529,3295.2379929412373
2023-11-29,-1695.4099210963905,1695.4099210963905,3023.2230676443605,3442.562636872411,2993.3560203353613,3479.4559374144956,2798.7441460519376,3273.8002212782335
2023-11-30,-1012.3383415236458,1012.3383415236458,2967.5778583747965,3379.6671028575975,2708.4206755014984,3096.225250619784,2630.80538759681,2948.7274178440302
2023-12-01,128.92550232026406,-128.92550232026406,2927.958720536846,3334.7593702689774,2958.307022537229,3345.1957766112655,2777.2028332119203,3111.873440288727
2023-12-04,1912.1708022276216,-1912.1708022276216,2922.095943931141,3327.9863708294974,2722.529595345564,3215.248568153337,2628.4283631081216,3036.0650345073273
2023-12-05,-718.9556991341087,718.9556991341087,3005.9166315443404,3423.0221614114585,2893.7290750361353,3250.238672980425,2773.3611218094134,3111.0286498630844
2023-12-06,-293.3206191085701,293.3206191085701,2955.6018663953832,3365.807673329363,2904.6069264028333,3163.92981610679,2699.843353271491,2984.14553750325
2023-12-07,-591.0895674683488,591.0895674683488,2921.1402180600107,3326.5028986547104,2771.8166410736826,3232.8701736773282,2656.735770623827,3037.2185512724295
2023-12-08,2617.535778553458,-2617.535778553458,2909.6057595473335,3313.5055216794067,2831.2635543687734,3066.7816252752314,2730.2839049587747,2999.862172195678
2023-12-11,-1114.0936238208087,1114.0936238208087,3029.9714691175323,3450.0987814168343,2894.0512127172656,3388.086578881395,2732.6523271182746,3212.852064728108
2023-12-12,-1624.763988569095,1624.763988569095,3015.9457984730507,3434.460848116397,2855.1403656698226,3316.8059803331425,2712.152383929703,3162.899176044005
2023-12-13,1103.6722884021656,-1103.6722884021656,2959.0655082714825,3370.0858462085143,2785.748899024826,3113.0473770733684,2639.04485463378,2983.9497205890166
2023-12-14,-1681.0996806228504,1681.0996806228504,2971.8873901901657,3384.2921853832518,2977.8339121632644,3367.7686185373664,2846.4788810714713,3226.8916113804744
2023-12-15,-1631.23042112666,1631.23042112666,2917.321432063553,3322.753871195857,2572.2290475482987,2987.837571497199,2441.252008776213,2828.0742030374226
2023-12-18,-400.76889608633064,400.76889608633064,2844.718518205201,3240.4009704081595,2602.6128590138856,3008.6946254285285,2498.401251690824,2817.9625385590025
2023-12-19,-246.15673425530986,246.15673425530986,2833.898822311458,3228.1419238443286,2707.5030003538336,3045.254209864153,2547.0341376753795,2815.9616603725876
2023-12-20,-96.36887752093025,96.36887752093025,2834.4856613260226,3228.9867330724783,2513.3100957201937,2939.110408404906,2428.3239321358596,2821.2038821324177
2023-12-21,941.1748731271,-941.1748731271,2792.2691309305333,3180.708437723107,2681.879585430163,3028.6897575887983,2399.24148871811,2901.417460520698
2023-12-22,125.86526461639005,-125.86526461639005,2817.0902824579493,3208.608806970901,2698.1877396347627,3047.7447862546896,2601.425930453323,2884.0904403749137
2023-12-25,718.5983954785552,-718.5983954785552,2812.4973467604054,3203.2434578894013,2556.7073052262117,3122.9127181504637,2446.762645889103,2907.483995716494
2023-12-26,2660.8532398380485,-2660.8532398380485,2845.318222399776,3240.416108270306,2664.225987213127,2970.290551260404,2519.4208556513136,2857.8280584125696
2023-12-27,122.49910868243751,-122.49910868243751,2987.226718332355,3401.594258778577,2805.989388374318,3270.843154729229,2669.2926659251316,3066.9861901344484
2023-12-28,-3842.1580605364943,3842.1580605364943,2989.701525049352,3404.3438038425543,2983.5723886937067,3265.8887812677503,2802.757150199895,3076.4552119208624
2023-12-29,-485.06027074728627,485.06027074728627,2872.1098247653963,3271.6162601349797,2785.5046323032525,3196.638025269898,2696.9308402634692,3057.0387338982823
2024-01-01,-955.2741186964777,955.2741186964777,2859.668417631247,3257.604154597486,2765.973367998102,3058.8578240824645,2610.006371777658,2891.4131244481423
2024-01-02,1966.2447238957757,-1966.2447238957757,2821.211371982523,3214.1033553487023,2555.1453491224906,3132.9976201499653,2452.1551942999777,2942.5036484455877
2024-01-03,1478.746362685095,-1478.746362685095,2911.5485429574114,3316.5818737102554,2903.7177733595727,3237.2178236973227,2739.763303777435,3058.2727515448046
2024-01-04,-134.2646758682895,134.2646758682895,2980.7825188218267,3395.0997899545528,2882.429945044425,3446.7053577894803,2640.3546305449854,3219.849113793104
2024-01-05,1507.602404227182,-1507.602404227182,2978.9894564895503,3392.9975307418395,2634.50220946696,2938.364684521469,2548.507695910277,2724.4637220588347
2024-01-08,-206.23429977614433,206.23429977614433,3049.6696462909185,3473.147952974012,2714.7275531472264,3110.053614366316,2577.8646597031043,2934.1019488379684
2024-01-09,-1209.8917591013742,1209.8917591013742,3003.667053654333,3420.6117393769355,2834.622385379189,3173.222604737655,2640.4893476755933,3025.0461387015685
2024-01-10,880.3698572225039,-880.3698572225039,2957.179061203544,3367.914487391362,2920.578511038342,3370.357298570204,2765.6848667504673,3187.971096837229
2024-01-11,-322.3110304453876,322.3110304453876,2986.636037281874,3401.222255496213,2989.116895844,3416.2583982338497,2879.2313908496158,3233.5168697680665
2024-01-12,-605.6287402801099,605.6287402801099,2991.348538169604,3406.6459910460885,2854.6112826894105,3274.598157089675,2705.8807329941656,3054.9840585296092
2024-01-15,-1045.854238913089,1045.854238913089,2964.51298428918,3376.1528585819656,2820.7310939180566,3321.8579763657535,2638.492268777923,3145.8303246713813
2024-01-16,-821.6382008535147,821.6382008535147,2915.583856849066,3320.62327190343,2706.5991670812905,3022.164303357049,2544.1024234230204,2880.2981943870286
2024-01-17,932.522249646725,-932.522249646725,2894.689826456859,3297.074740967141,2701.956599211774,3131.2211056884316,2560.8765908534738,2960.149152781908
2024-01-18,-159.2197892596232,159.2197892596232,2944.6263368856044,3353.71634320908,2710.3099201713544,3238.5543292204393,2613.368904921757,3110.1179295092097
2024-01-19,1.7342952967519523,-1.7342952967519523,2941.4314612080984,3350.076302149198,2837.8747279842323,3250.03382021474,2691.440362349777,3098.6754838331126
2024-01-22,1734.53286383034,-1734.53286383034,2941.689152344849,3350.298003080441,2785.60666576419,3210.872180813468,2664.3958323114116,3017.410702519484
2024-01-23,468.465017638322,-468.465017638322,3000.4372141645495,3416.8819715461486,2900.3885195202342,3230.645287365569,2802.728479411042,3103.329766995718
2024-01-24,23.689047298197693,-23.689047298197693,3011.540043262188,3429.373077930038,2966.964939917125,3356.40444414694,2809.3450821453876,3169.620749918661
2024-01-25,-430.9889743944659,430.9889743944659,3044.597441516262,3467.042173295183,2880.963095550284,3197.007572901876,2751.9869699967367,3006.8809811444175
2024-01-26,-1020.5665078409074,1020.5665078409074,2999.095492515382,3415.2671766402914,2797.186615435297,3215.371545904801,2522.8123011749385,2994.0073827747387
2024-01-29,-115.60139801639889,115.60139801639889,2967.9249877827533,3379.993118461414,2971.4000523182185,3277.190791239179,2814.315853400215,3138.635039866186
2024-01-30,-166.12908796642296,166.12908796642296,2981.642418871362,3395.8166935349404,2914.1791470882936,3225.0087081661454,2709.887527623334,3089.820403894961
2024-01-31,832.7160466396817,-832.7160466396817,2955.375629608827,3365.7696669554807,2793.3462438261963,3237.186414603878,2648.226638967676,3051.7130639261773
2024-02-01,-331.18749961967114,331.18749961967114,3025.942483412909,3446.133777454566,2897.2407760599267,3318.8734827059125,2794.9298433891536,3095.0439216834684
2024-02-02,-363.9424314304779,363.9424314304779,3008.8738551099136,3426.703837197233,2812.781850558982,3230.8074535390942,2720.0666954792096,3068.228827702315
2024-02-05,2065.333812140969,-2065.333812140969,3017.946160507893,3437.266018242733,2925.490586017118,3254.6131249724995,2743.2117411042377,3071.293591809937
2024-02-06,-146.77248706756654,146.77248706756654,3072.0200539616117,3498.486709749335,3019.2912793684463,3435.344399449452,2897.7718154285044,3239.460733466776
2024-02-07,553.1764770680675,-553.1764770680675,3055.03021615213,3479.0920797698204,2885.5050823425527,3296.93275093469,2679.388735800605,3102.848226988527
2024-02-08,146.8439400948846,-146.8439400948846,3080.0413484778937,3507.4432216490636,2729.7484126095155,3157.8088775543592,2611.159807487547,2994.7315993738607
2024-02-09,-916.3413050730378,916.3413050730378,3104.866622572621,3535.674570854706,2864.336179145109,3287.4953258949113,2700.7111320526083,3146.2574837741067
2024-02-12,-457.3228120455533,457.3228120455533,3083.554917811731,3511.693297593526,2756.331327931457,3175.252422289239,2620.8626409616936,3050.3844487523234
2024-02-13,-425.398630314412,425.398630314412,3072.8661083887782,3499.6120969854665,2930.223397148246,3289.3082699940423,2745.99868718679,3109.729887972702
2024-02-14,-1262.2781080885688,1262.2781080885688,3037.3815600723237,3459.150945912184,2913.985982711026,3402.3346948404005,2718.9017701001917,3193.861641263581
2024-02-15,2225.042561884162,-2225.042561884162,2989.8976328978156,3405.335080038925,2762.001229943046,3197.864668604328,2777.3112052873007,3055.092493296107
2024-02-16,-515.0695207183235,515.0695207183235,3098.4986352433607,3528.695499545692,2892.157938694201,3301.831364310402,2720.323776095499,3168.526323096691
2024-02-19,225.1425303484575,-225.1425303484575,3085.3726696808617,3513.8361926531124,2794.2144359024537,3470.4205833588326,2701.1992825331313,3299.843839682093
2024-02-20,994.9243132726115,-994.9243132726115,3087.404389150998,3516.057172709322,3056.9525734153335,3498.220380143487,2876.5345914772215,3363.325203055823
2024-02-21,923.7403855572047,-923.7403855572047,3098.0801891426177,3527.973407944959,2990.6756955130595,3286.6606131590465,2831.655857275557,3107.208628892786
2024-02-22,1657.9427841554061,-1657.9427841554061,3146.3039567418946,3582.7112391956466,3116.488368501159,3515.0686108110285,2940.910155631522,3306.167944877265
2024-02-23,-29.529664556408534,29.529664556408534,3202.7577487296485,3646.680733247025,3179.5776537120414,3570.5388524990985,3039.959690810953,3362.3998269293443
2024-02-26,46.24832417615107,-46.24832417615107,3121.8320841275795,3554.420561628712,2982.5410675193307,3623.0383110100474,2884.970882435059,3393.275688204629
2024-02-27,646.6380236615514,-646.6380236615514,3103.6192905903895,3533.6538864900845,2958.371117085248,3329.4533885183746,2802.8132058047527,3150.0064254406957
2024-02-28,-669.5064883855521,669.5064883855521,3112.638673157459,3543.790116150415,2903.077144985721,3319.397342135894,2747.8331523905267,3147.2455263478246
2024-02-29,-746.7607614018343,746.7607614018343,3085.4262668332863,3512.815167971062,2929.273783018631,3312.538116700256,2822.563885764339,3150.1956968762483
2024-03-01,-752.6233243165188,752.6233243165188,3050.6923779484614,3473.408623646385,2943.2010751973285,3368.571818379723,2786.2001073888,3163.8908851300457
2024-03-04,-2048.389441289124,2048.389441289124,3038.077245376752,3459.1551097931847,2851.1174989414785,3196.517257254015,2715.6454244420293,3044.9724619024737
2024-03-05,-1514.5026543927233,1514.5026543927233,2966.3367785569435,3377.987421374284,2701.9109489628568,2964.555363999168,2570.0727713284173,2810.5318173946066
2024-03-06,-2799.2383017700195,2799.2383017700195,2918.840219652763,3324.4198779738613,2710.7959863501756,2953.3936807134864,2573.3179878856613,2835.0270110363444
2024-03-07,-148.70710140804294,148.70710140804294,2783.707558644683,3171.236346559716,2802.3836204719323,3103.0057370441964,2604.786905867805,2961.136185719083
2024-03-08,-686.8490355988979,686.8490355988979,2766.3605109553982,3151.699761891073,2660.5329212974516,2919.6939422122973,2492.983592901128,2817.8928970578645
2024-03-11,1444.9510708984599,-1444.9510708984599,2740.1949797760285,3122.0411064570785,2703.0160312803882,3049.3783259670167,2551.487642097356,2877.93839846819
2024-03-12,2235.4489590699086,-2235.4489590699086,2810.9264493878622,3202.48930752145,2613.5775774799927,3087.297620035466,2429.9464503000922,2813.061307752333
2024-03-13,-2023.5027856354209,2023.5027856354209,2958.559003664732,3370.3560395774666,2892.6984959108977,3187.1717063104184,2788.530545944036,3041.4815043942917
2024-03-14,165.47437645432365,-165.47437645432365,2852.4531012938,3249.8031982637685,2598.718853239669,3158.398559881248,2556.32072435632,2944.081173774369
2024-03-15,1449.2242730131911,-1449.2242730131911,2839.2201185200543,3234.4846426429713,2715.576769186096,2972.9506121693257,2542.1624497079265,2863.4957472110063
2024-03-18,836.6839613950942,-836.6839613950942,2932.7809673190227,3340.842704599718,2656.237737773294,3114.257784750231,2536.2030952843556,2952.1784254025724
2024-03-19,-698.8268050415209,698.8268050415209,2994.736720116844,3411.3318037717117,2803.9569744849473,3059.50183486628,2631.511654547538,2921.5286831816948
2024-03-20,-783.4149257476383,783.4149257476383,2956.0557825707015,3367.3361007518024,2985.4698829932076,3436.165940379753,2807.771350848217,3226.301929898821
2024-03-21,691.2883088998278,-691.2883088998278,2899.8173600666105,3303.288340903194,2786.864100190516,3198.5486977381156,2665.50190265441,3054.9559367916986
2024-03-22,427.8086089780845,-427.8086089780845,2944.69570735445,3354.3266846368633,2855.966984295903,3340.6747900497116,2741.217083068145,3115.5351089691053
2024-03-25,-430.34981719493953,430.34981719493953,2975.315158212162,3389.1290617201234,2765.2653985182774,3155.2820719126967,2701.625722347401,3035.0532162956533
2024-03-26,-537.6168792219323,537.6168792219323,2954.0821593891633,3364.9837049363696,2896.6267095566964,3292.1693736786956,2710.3151052373737,3175.5974276243646
2024-03-27,-953.5830368968818,953.5830368968818,2920.0889239635712,3326.5172486687666,2737.461093228182,3003.1597573589343,2611.7420278243003,2911.8191994384506
2024-03-28,681.8988327057959,-681.8988327057959,2878.521455565335,3279.3289898054836,2907.8065686264117,3267.8593617416163,2735.8764500387083,3126.3524624604115
2024-03-29,-364.4689156771565,364.4689156771565,2913.2044635657376,3318.6009443293756,2780.573408289485,3238.68155164692,2644.406227094235,3067.3761902777524
2024-04-01,571.7618826133403,-571.7618826133403,2899.4889267332196,3302.995226026559,2767.8186050332233,3213.208565532384,2675.943555871825,3074.292569019387
2024-04-02,390.7206054712442,-390.7206054712442,2938.8081465635073,3347.7912003846245,2696.24595134445,2989.369824487885,2615.261211526259,2911.9271487442375
2024-04-03,250.77661220927257,-250.77661220927257,2952.382567274374,3363.118795828398,2689.6041611961336,3181.2680687785614,2526.8783325174527,2917.2650177631213
2024-04-04,146.502059440827,-146.502059440827,2952.530737694566,3363.0938035843583,2992.6320769124095,3430.2036753210605,2898.7481994296945,3241.095737453502
2024-04-05,-443.3615761925539,443.3615761925539,2948.55514495047,3358.4057918776584,2715.6702215894006,3205.946174636789,2530.8658658199847,3034.7707270226942
2024-04-08,1035.801540935172,-1035.801540935172,2912.8268781880042,3317.693997199928,2648.9718034219095,3002.4767667715773,2453.063887623186,2821.7665378274405
2024-04-09,-527.212838325584,527.212838325584,2954.5132927288882,3364.8447437578443,2886.75417563989,3457.060962618148,2764.1852612321327,3264.6732459499294
2024-04-10,-481.7130321805016,481.7130321805016,2936.287559555404,3344.2048268845274,2773.4544666020734,3155.841523996607,2668.637805559872,3029.217140867559
2024-04-11,616.0987370747462,-616.0987370747462,2914.834339856591,3319.880561795884,2798.2424592641287,3296.444792804929,2595.167299850328,3061.560095666742
2024-04-12,-390.5700195039026,390.5700195039026,2953.593421599953,3363.888263682704,2742.2254728916664,3184.9673949202356,2664.1734099575074,3063.29609076554
2024-04-15,302.116639849497,-302.116639849497,2939.1881990169463,3347.528255202516,2665.35177644311,3117.0280415050493,2593.3458064098418,2933.2759735328505
2024-04-16,-855.5183338254137,855.5183338254137,2950.7646999206618,3360.5473908710555,2944.0602723075604,3247.8562199319026,2611.3697041142336,3049.798231570204
2024-04-17,-107.64415853373066,107.64415853373066,2900.8625736676204,3303.747452301616,2751.5902660163306,3177.6398150509003,2643.0307342108604,2983.895671443346
2024-04-18,-365.97234961508366,365.97234961508366,2899.1250062547774,3301.728249297302,2935.8339965661685,3393.848941783703,2776.66565963907,3154.7009559365665
2024-04-19,698.8532858388498,-698.8532858388498,2886.930320351068,3287.8928655482423,2624.959781452392,2855.5087088211353,2514.3607328587927,2727.948278493448
2024-04-22,-1852.1531885525983,1852.1531885525983,2915.5424567015816,3320.2425893470026,2758.662754338955,3055.802116413449,2615.170086174048,2855.4169400650517
2024-04-23,-994.4653289979979,994.4653289979979,2834.852737858166,3228.735727056304,2536.090371002211,3047.880449439282,2440.0598427493637,2921.215217280564
2024-04-24,-157.5542919718864,157.5542919718864,2761.29558117068,3145.459293010332,2627.723334258876,2928.6359972407636,2516.7442449671366,2847.6089643654313
2024-04-25,339.43232170693955,-339.43232170693955,2757.677855794933,3141.251681593851,2545.9098006919144,3009.0376862697717,2499.665788408957,2970.2681680459445
2024-04-26,429.88336182408966,-429.88336182408966,2777.523627820452,3163.7350267413376,2615.962862319555,2848.789450027456,2551.8524383394783,2815.187354386787
2024-04-29,375.3445681730009,-375.3445681730009,2782.4299307469105,3169.0133862511734,2727.634666466747,3042.644569616794,2658.715563141171,2969.040441865292
2024-04-30,1579.96180742461,-1579.96180742461,2802.0272063167895,3191.223776261576,2563.607621367953,2980.7527542053986,2452.735949573453,2934.810505658511
2024-05-01,1751.845211237065,-1751.845211237065,2903.0710738757866,3306.044884354185,2929.2763228545605,3312.653497001657,2742.357526489485,3125.904111033479
2024-05-02,990.7444212145274,-990.7444212145274,3013.0096693782975,3430.99646271486,2803.3008369536446,3100.4700726945803,2712.6082715489374,2948.7007044930465
2024-05-03,1121.4436123285195,-1121.4436123285195,3081.174199263029,3508.4675952109737,2856.5349290458075,3286.0086787083337,2736.908310096564,3147.611693213748
2024-05-06,-1080.773107211775,1080.773107211775,3132.8843403599462,3567.1015321554755,3003.1273179452514,3290.5163862713516,2788.3661368265457,3174.0822593439716
2024-05-07,289.3363667078884,-289.3363667078884,3072.073830977189,3497.967541776823,2907.62016980411,3511.021859071369,2788.575827353667,3315.4934905339046
2024-05-08,-186.99723736882152,186.99723736882152,3100.8159170704275,3530.645922279275,3019.191767807291,3408.394803829113,2860.364779213161,3212.1037906090896
2024-05-09,801.481507579636,-801.481507579636,3095.4789579656244,3524.5577322094796,2769.9692110970987,3158.5854394222874,2600.549338254406,2999.6850722131758
2024-05-10,1292.2149194257145,-1292.2149194257145,3152.107879299208,3588.910569678979,2883.083662685347,3166.526220533434,2789.437219698804,3054.085777382093
2024-05-13,-1326.2075164370472,1326.2075164370472,3219.155407067794,3665.0086622209146,3202.1428229464536,3748.9105872174973,3087.203014434315,3465.338102357571
2024-05-14,-1032.7150662896165,1032.7150662896165,3150.5213727687164,3587.0750163973535,3029.447004351789,3357.360425219757,2830.1041796363334,3185.631100792715
2024-05-15,2176.0188996291545,-2176.0188996291545,3068.8243607055656,3493.999475465941,2980.0936564479384,3423.87543393387,2928.9295062058636,3296.148805845312
2024-05-16,-1248.2868468175438,1248.2868468175438,3174.7399562514215,3614.298561940903,2996.457139590762,3395.78906331157,2912.385016630205,3230.3299200569645
2024-05-17,454.2591468623723,-454.2591468623723,3112.93542313449,3544.132844083508,2887.7458201447903,3214.480227273944,2764.632441381908,3059.6422158404703
2024-05-20,-249.9990250493429,249.9990250493429,3156.8277540184413,3594.032987044948,3190.988476540941,3815.7952552238153,3025.698840402311,3645.292841240139
2024-05-21,-1915.4041637470073,1915.4041637470073,3136.6325709820976,3570.997066832997,3043.088254044414,3494.3182838019375,2879.39336508964,3344.1314426410463
2024-05-22,3.1704527354231686,-3.1704527354231686,3028.329810556081,3447.954199684699,2798.3832440964024,3236.6283174483583,2725.6328273241975,3072.580859773776
2024-05-23,-1130.1136743374227,1130.1136743374227,3034.7325035495487,3455.2072619233268,2754.2441284969736,3409.3944719659935,2638.836242272563,3213.1825822149235
2024-05-24,-913.1380333962588,913.1380333962588,2984.248456168273,3397.907559558533,2900.5387711721655,3407.8053971612,2778.710126960556,3210.6875184660953
2024-05-27,-137.1733452513945,137.1733452513945,2944.072531449207,3352.2972427556447,2727.964784193522,3085.299792046865,2647.4434367231775,2954.3097754906644
2024-05-28,1710.7722735166608,-1710.7722735166608,2918.872473347128,3323.4256673549953,2927.630181539979,3201.849260376826,2733.1792349834254,3056.998868206082
2024-05-29,-939.9348503582951,939.9348503582951,3024.2345280497348,3443.152348103193,2852.4039995342864,3229.7979005185853,2698.990507710715,3060.2259227045115
2024-05-30,1878.6376346293036,-1878.6376346293036,2984.7530064804505,3398.3472031731153,2933.380851362355,3248.804944192387,2740.718452965614,3058.653722284081
2024-05-31,1418.8991969437047,-1418.8991969437047,3098.179204650064,3527.246731499231,2903.480614391959,3326.880413867485,2799.117953440937,3163.528133932976
2024-06-03,-1380.7270376606466,1380.7270376606466,3166.3309075964403,3604.5731464423466,3137.2883050781984,3506.3273839342787,2928.201181475342,3319.7242901482837
2024-06-04,-530.1529539503608,530.1529539503608,3108.4799863337403,3538.9052382319687,3023.9036850764423,3430.635464234626,2853.7933795014833,3219.6410976311704
2024-06-05,-1118.4092454006095,1118.4092454006095,3100.040028461085,3529.391397262336,3017.971492062462,3307.1120990615127,2796.827971326468,3134.636214458304
2024-06-06,494.20717034437985,-494.20717034437985,3031.3839513222447,3451.29478955953,2833.199141663939,3312.5662912069465,2683.9325130437323,3117.0978902836805
2024-06-07,-730.5010349535951,730.5010349535951,3073.436469191782,3499.0987867907593,2832.848032820986,3286.4605886634577,2674.9631781855865,3044.488701086778
2024-06-10,-2050.5454158013818,2050.5454158013818,3037.9339257573592,3458.711344701969,2936.5978912467444,3371.474720659643,2789.819346499492,3210.1503353719345
2024-06-11,-2657.1674861761785,2657.1674861761785,2941.0822249088446,3348.8368959601344,2936.182834150205,3318.309859062515,2730.02427129521,3164.324635854917
2024-06-12,508.78932402225473,-508.78932402225473,2829.7557343486606,3222.631059749352,2654.0393869462023,3103.9039543751223,2581.1499090371294,2972.2266136436074
2024-06-13,990.5268635301036,-990.5268635301036,2864.3519431014756,3261.9345749633912,2739.071115848505,3100.794099054442,2580.740629879578,2904.446778162273
2024-06-14,-428.35756247935205,428.35756247935205,2908.5787708051807,3312.034371346348,2737.5049200391904,3044.7386783933257,2627.1767550553886,2883.922508546585
2024-06-17,-1202.2463554209608,1202.2463554209608,2877.527290280571,3276.6654489965013,2819.9229276697697,3242.4175113089036,2746.1403278822954,3141.7933633488205
2024-06-18,256.651656235721,-256.651656235721,2814.958542491608,3205.5539530411475,2677.0402457969117,3110.585045053408,2580.5196256010877,2984.16443989893
2024-06-19,1591.7343791218736,-1591.7343791218736,2831.2191998831777,3223.9744214707143,2746.28927223006,3201.96684002539,2657.299359607924,3027.9038229706734
2024-06-20,1337.110484078199,-1337.110484078199,2921.8483583789384,3326.904984587604,2919.976506542463,3429.623231138102,2757.8573378877936,3241.568514060619
2024-06-21,-1715.5543265800006,1715.5543265800006,3002.0466205655493,3418.0127933163612,2900.110270329238,3335.069343321696,2755.846664473398,3194.7487639574983
2024-06-24,30.0914870296765,-30.0914870296765,2928.1463280985145,3334.1997785734325,2731.4352596393605,3122.310818920214,2612.0622372058783,2996.054784050777
2024-06-25,1643.3253038942494,-1643.3253038942494,2949.887085069834,3359.0186366874464,2817.867178259313,3196.412069128255,2651.842652367741,2953.203641755439
2024-06-26,222.31420407963742,-222.31420407963742,3042.2592477631556,3463.9480783527156,2958.539643396241,3434.604755767832,2792.4335918198844,3209.0091717069045
2024-06-27,13.982187200163025,-13.982187200163025,3063.5209044365342,3488.1089762238785,2881.6085400100237,3456.52052712123,2758.1633502336745,3288.2337808420866
2024-06-28,-261.4378810678536,261.4378810678536,3043.383714424571,3464.99859642202,2806.4760972723348,3208.316142888771,2757.6382935790843,3080.897331206982
2024-07-01,-1948.6379550398633,1948.6379550398633,3019.9212231938754,3438.257071941574,3078.536436895483,3491.107268032714,2840.47699475178,3328.497657902967
2024-07-02,-1071.0289961062372,1071.0289961062372,2911.7159204478444,3315.3766811411488,2815.869155010297,3268.898814451247,2605.759315377892,3098.2395530352346
2024-07-03,-1431.012850852152,1431.012850852152,2867.8632801159206,3265.6315977701465,2567.567656578835,2903.27849294291,2490.6770317952405,2754.860335618856
2024-07-04,404.3397464430891,-404.3397464430891,2802.332113308419,3191.5181108004253,2626.3609934558676,2934.3552429956517,2528.3510009514316,2827.1935500744908
2024-07-05,114.47266849196603,-114.47266849196603,2822.7918603344424,3214.696402747892,2747.235475125246,3157.3318801951245,2590.3482469896426,2985.3366532295477
2024-07-08,2400.5611865259925,-2400.5611865259925,2827.655707474778,3220.160312305098,2692.7194544695158,3150.842053434883,2493.5450212327005,3019.5316007671963
2024-07-09,1269.1219042152225,-1269.1219042152225,2977.631406125888,3390.636423750603,2659.3378565313506,2972.967566789778,2501.7936850023043,2800.5703789926165
2024-07-10,884.4270858952004,-884.4270858952004,3066.324714549538,3491.5199128649365,3005.3527503350588,3362.5641095158912,2797.924068088435,3135.0665653320557
2024-07-11,1813.5588412997167,-1813.5588412997167,3109.5655334469616,3540.55860657,3071.6818177322375,3540.9970492394086,2867.3624866524156,3289.389142341155
2024-07-12,-2739.275718037854,2739.275718037854,3151.4830620652174,3587.9396002870712,3078.2986863484853,3438.166103782147,2995.814614851332,3262.7185928894423
2024-07-15,-1617.01718384189,1617.01718384189,3070.705783518787,3496.870993174947,2718.609327305005,3102.8104484477212,2615.4800083216032,2946.726114351408
2024-07-16,-1129.7768771287301,1129.7768771287301,3004.251311538257,3421.515945103337,2779.583043299755,3161.7578838773843,2593.764067560817,2971.632387598376
2024-07-17,-1596.7587165277873,1596.7587165277873,2949.002498559834,3358.8193221835395,2825.513114570912,3066.4764734933187,2464.3698705599404,2900.4887167420143
2024-07-18,1334.8343105374515,-1334.8343105374515,2881.039340837029,3281.7485173288355,2751.3233734659852,3310.4097354043793,2622.5253582227515,3214.4792408894173
2024-07-19,-158.33056872813904,158.33056872813904,2949.801222785323,3359.7656925935344,2985.725264052972,3543.2550111574797,2817.83377163181,3326.2615075535273
2024-07-22,-256.72230997894076,256.72230997894076,2934.5935780092072,3342.380693472653,2817.0943497652706,3215.358653385107,2638.3304924451227,3018.50469587564
2024-07-23,677.243716838464,-677.243716838464,2930.1704605772425,3337.3660445582227,2737.31581616308,3150.164920864296,2569.014638278642,3065.6685678248173
2024-07-24,303.4058424252871,-303.4058424252871,2972.9378856168896,3385.949465209491,2811.309414358109,3338.463862042089,2689.8732454021615,3121.852416168902
2024-07-25,2803.770710189754,-2803.770710189754,3001.92177361603,3418.9767979164276,2885.5186545128586,3255.5763342435407,2671.925714038003,3042.0485249467374
2024-07-26,-561.1591385142528,561.1591385142528,3037.1122289684763,3457.883353616907,2886.2490351467577,3250.916822282028,2705.092977840127,3052.858019512079
2024-07-29,3087.6268231322174,-3087.6268231322174,2995.5173095560726,3410.474470397527,3010.055647028461,3331.83837551704,2783.6070612615295,3108.143242138396
2024-07-30,-395.05794912979763,395.05794912979763,3091.4122584967968,3519.1852247433003,2966.787959086895,3368.6945054008343,2845.0459990780287,3214.6200946251856
2024-07-31,-1220.4343832822997,1220.4343832822997,3079.4127294782147,3505.502018024674,2967.7720290022007,3241.9674330632542,2814.4703360644585,3064.5726625259763
2024-08-01,-2225.5779029471523,2225.5779029471523,3019.3783562418466,3437.2911227147797,3143.067526133057,3470.302435885004,2963.757123581402,3252.5792761325556
2024-08-02,-2575.211715390833,2575.211715390833,2942.758921856102,3350.6146802207945,2736.9787803796,3098.569962122315,2613.2099069313963,2959.7856358157837
2024-08-05,1352.8753877163035,-1352.8753877163035,2832.1703575098086,3225.5885113103514,2824.9583885161223,3091.010539202003,2666.885560796772,2993.4795114874405
2024-08-06,679.7994536398546,-679.7994536398546,2889.5260597501156,3290.6089477267687,2751.3748130236395,3076.7443815244633,2691.2720792413247,2990.1722830437147
2024-08-07,804.3276329920773,-804.3276329920773,2910.2861166018406,3313.9992850928406,2717.459545368335,3133.4397796980857,2579.144360167131,2920.4383303878762
2024-08-08,662.9094631363841,-662.9094631363841,2955.7625026843466,3365.768552841207,2705.488810077489,3068.0642605504813,2574.3950747640074,2954.2774258152886
2024-08-09,-85.58168306323205,85.58168306323205,3006.902978095785,3423.9205324214604,2896.203722004973,3326.845336231322,2762.5895055760093,3178.362813440649
2024-08-12,-1541.8935391622217,1541.8935391622217,3018.0586293599217,3436.7643392383266,2852.401613260746,3198.164008499802,2673.9853791331075,3051.8362762986058
2024-08-13,217.1055841981215,-217.1055841981215,2955.7906746900435,3366.1874248901813,2853.568404288893,3260.1008131089575,2692.1222835918825,3044.445974065616
2024-08-14,-528.8333040267826,528.8333040267826,2963.7514814215747,3375.344546738579,2886.666433857129,3251.758378925942,2806.432491137368,3142.27652957406
2024-08-15,1950.0035045110562,-1950.0035045110562,2904.0741602784515,3307.2668858777397,2750.7639157688727,3187.0612430546953,2631.856840032371,2966.090480090629
2024-08-16,-952.1822177492213,952.1822177492213,3015.056583551051,3433.313105512182,2921.399780837428,3319.3295232227574,2711.487143374329,3138.936831480631
2024-08-19,1584.3229302506443,-1584.3229302506443,2975.0776506604225,3388.1176305008717,2800.328859845505,3305.8688057343934,2752.462838556542,3159.5826383834933
2024-08-20,-1115.8317472947747,1115.8317472947747,3055.863415323105,3479.796347610529,2946.3939926120543,3463.1825895651045,2767.171543303019,3287.542972872936
2024-08-21,-1563.9037702301066,1563.9037702301066,2984.1218469499913,3398.140848150314,2930.0112868669653,3384.4656016406507,2738.1267447204427,3138.5942135028827
2024-08-22,1151.375904800654,-1151.375904800654,2897.3356523809935,3299.537419687183,2761.248651722104,3214.3763844952077,2678.5002974646964,3073.5857004611416
2024-08-23,999.6593077062498,-999.6593077062498,2954.743902546575,3364.623549449362,2772.862975706968,3340.719919826155,2668.4400512525804,3159.108984171052
2024-08-26,1496.2477758664609,-1496.2477758664609,2996.256286042587,3411.6094174492687,2717.603676676114,3207.516530219993,2565.7342293406923,3075.0472838534656
2024-08-27,-1251.1011227518175,1251.1011227518175,3034.3213868024773,3454.535286417116,3001.526094281199,3383.2767333332076,2843.8998514932227,3236.2997158210223
2024-08-28,-806.9834723134554,806.9834723134554,2981.815316551432,3394.969199537191,2807.1342820744812,3050.9071938320258,2663.87758348711,2890.426829334229
2024-08-29,1981.1271892134537,-1981.1271892134537,2943.396198979356,3351.454632430449,2789.9369935512636,3199.6933194385315,2673.3021018094005,3058.36658500742
2024-08-30,135.21224053129845,-135.21224053129845,3046.9944539796106,3469.0710950725165,2809.8858157395057,3385.2398016265115,2662.881679809324,3204.446665562627
2024-09-02,-667.7426106246276,667.7426106246276,3019.430734704271,3437.6141498055836,2897.8704427794783,3265.063380929604,2780.9435120216467,3137.799477297135
2024-09-03,-313.2268462451684,313.2268462451684,2984.9079647447206,3398.3528000919805,2855.598401464849,3330.8776872783137,2699.784310844587,3143.859695411915
2024-09-04,-935.1655930692505,935.1655930692505,2964.578437518015,3375.144182700931,2866.9758475908466,3308.582830623754,2691.8345321139373,3100.331790083062
2024-09-05,63.090447748480074,-63.090447748480074,2917.934301681842,3322.15738966327,2796.9467668652783,3202.4960702578655,2697.1932908212907,3023.8130903433803
2024-09-06,-73.65408345563628,73.65408345563628,2893.4186714154757,3294.7722388998864,2655.687188964465,2986.9006840736884,2522.507651704884,2789.956451481633
2024-09-09,-377.0508027806136,377.0508027806136,2884.878199021035,3285.0260459987203,2612.278415435924,2986.4846729129686,2561.217465073442,2906.471132445441
2024-09-10,1220.160215573611,-1220.160215573611,2853.517223641855,3249.410702141592,2681.5466217212083,3039.461139239581,2528.3152262278754,2892.495716108988
2024-09-11,980.5665453024776,-980.5665453024776,2903.2545801737915,3305.995644366994,3026.9938103172785,3485.343599657471,2848.7182822410105,3280.720779228062
2024-09-12,58.2079075562724,-58.2079075562724,2931.5388556339562,3338.329433858955,2800.61056818504,3208.9726023555063,2678.8955937424776,3069.1239676228856
2024-09-13,-813.5089430379376,813.5089430379376,2907.923069589166,3311.1905061532175,2749.85623980555,3119.8292937592223,2596.303185895499,3004.4682057733653
2024-09-16,150.0704009170222,-150.0704009170222,2872.631984836377,3271.080221789194,2770.169043495662,3185.131309207568,2669.8791924430957,3070.1429010951315
2024-09-17,872.5658618773887,-872.5658618773887,2869.5891719086144,3267.4265837146545,2636.2672714659466,3107.7750440819545,2570.33230661513,2880.366257123916
2024-09-18,629.6619230786673,-629.6619230786673,2921.966612878772,3326.8528487964536,2723.5323040778876,3054.702112864242,2613.749618197588,2928.5974867438117
2024-09-19,609.8256140741651,-609.8256140741651,2923.9309746342055,3329.6676713825773,2896.90612451139,3137.696396367881,2765.5372956219617,3006.8653832997848
2024-09-20,13.905600557998696,-13.905600557998696,2953.224481151329,3362.7791564269846,2776.1975264564157,3173.623061962978,2623.56595770756,3058.6468389752545
2024-09-23,-1675.169901066256,1675.169901066256,2942.937655089097,3351.0074927951327,2983.777322262028,3377.367551037497,2882.1221375673476,3257.504591966478
2024-09-24,592.0188298170615,-592.0188298170615,2888.2660740057922,3289.8059328087506,2911.7968768508417,3257.349851787213,2876.8896098642217,3178.9671789987806
2024-09-25,1145.316364844257,-1145.316364844257,2920.8263754819473,3327.4323545170087,2741.1922281675775,3264.443597244508,2766.0543638528557,3257.553217374315
2024-09-26,248.96880526223686,-248.96880526223686,2949.1011179209527,3359.3707179218613,2718.461092990812,3160.738358860624,2631.08985749403,3039.9293828480554
2024-09-27,4290.5886379500225,-4290.5886379500225,2983.323176505481,3399.137671133897,2871.188902707789,3353.994736502834,2814.158628075107,3411.6164315120377
2024-09-30,-487.2795871388298,487.2795871388298,3156.459191137046,3595.197910527258,2940.7017615374425,3292.8470879980655,2784.555241465752,3193.8352845098534
2024-10-01,45.94798394144891,-45.94798394144891,3097.031488952604,3527.3670519923166,2933.1670697282684,3309.376050784427,2830.9797644050896,3225.1398351783346
2024-10-02,351.5869108256302,-351.5869108256302,3080.997845193929,3509.720776663807,3233.3735642692463,3641.7082798974275,3081.972767680825,3550.7107967548945
2024-10-03,2042.6720118929225,-2042.6720118929225,3094.0940341946716,3524.3457828209257,2808.295340146942,3216.9540288625285,2758.6563306990643,3141.2101163735274
2024-10-04,-1389.7342535991993,1389.7342535991993,3160.6361232131608,3599.498532162944,2942.7042659885183,3559.672705203814,2832.4678991428837,3425.4031821310323
2024-10-07,-300.91915007180796,300.91915007180796,3109.0078548665224,3540.9525183285846,3217.409760231374,3595.286149228335,3047.534809790032,3461.305926897786
2024-10-08,790.053578959778,-790.053578959778,3094.5035649227348,3524.4077974421302,2914.9296966359216,3414.7820755864136,2821.6578948975443,3216.981466072274
2024-10-09,500.5428103277809,-500.5428103277809,3128.383900504396,3562.700569387243,2810.7931037326434,3415.998129661678,2706.7348602526163,3334.9358374972317
2024-10-10,2076.6984410350706,-2076.6984410350706,3147.742715447632,3584.549804984416,3075.47062214202,3338.5865940717085,2886.7213985366984,3124.566650861804
2024-10-11,675.9723564009983,-675.9723564009983,3290.0149059780715,3746.343196693584,3000.054032226779,3308.726797649807,2844.875374710448,3165.666084362464
2024-10-14,-1036.2902837268557,1036.2902837268557,3289.26753251279,3745.091564078217,3072.014223452564,3341.9819884617887,2880.4852917814105,3156.438310423095
2024-10-15,-158.64387939699373,158.64387939699373,3234.407566037402,3682.7537107122284,3247.8123075088265,3669.6254478325473,3066.351978069741,3502.9243059816217
2024-10-16,7.727681486896472,-7.727681486896472,3239.802995912428,3688.9250762866272,3148.3162414745852,3412.5031796700605,2913.867977951468,3282.414130951444
2024-10-17,1548.4189678862967,-1548.4189678862967,3246.4129203637854,3696.5022559153044,3117.139189880785,3422.9461537595876,2878.4936825106474,3222.8412271845846
2024-10-18,572.5682219027804,-572.5682219027804,3329.4668201007858,3790.787087590712,3072.729530486893,3686.6646703316665,2945.891106978737,3462.028777296713
2024-10-21,-1741.5267284424626,1741.5267284424626,3321.7169577238196,3781.6776772413114,3309.3073683231078,3871.9063404698527,3102.840982424034,3687.3095477850975
2024-10-22,1557.3544851671759,-1557.3544851671759,3246.212375977554,3696.0256293279517,3139.490966698119,3768.21892380871,2950.721748216532,3583.219526239313
2024-10-23,-106.54580281766539,106.54580281766539,3314.7755032293303,3773.8048314080447,3221.5094373393777,3675.260940384039,3063.0257041430955,3433.810284405094
2024-10-24,657.496408520572,-657.496408520572,3326.792651751059,3787.5163808414154,3044.29020472794,3587.7441272675933,2888.7544353255203,3366.4993108550434
2024-10-25,-145.66777955448197,145.66777955448197,3355.6518714029917,3820.17917761285,3226.1741588618647,3663.0097973844727,3008.239620437364,3431.8138890768546
2024-10-28,-461.7428193496453,461.7428193496453,3334.7856475854423,3796.369196912481,3044.115017201729,3515.7172095155875,2893.6350221652265,3298.8581105285375
2024-10-29,-446.6489182692749,446.6489182692749,3290.2935653848444,3745.5497665526755,3226.272837041983,3575.6160042136935,3060.950447325684,3368.436506518635
2024-10-30,132.34517623496504,-132.34517623496504,3275.5727651448497,3728.810213653399,3054.9740163373967,3459.5372776900904,2852.4564479343294,3228.2601521319157
2024-10-31,1946.6039016491268,-1946.6039016491268,3290.591813788941,3745.8503746154693,3137.77209607954,3680.721688521601,2990.0664201138143,3483.305542209199
2024-11-01,-1539.5906656610168,1539.5906656610168,3389.9943177939435,3858.6857172942687,3055.7487898621216,3509.7747935599014,2935.811280889545,3311.9331059185765
2024-11-04,-1510.4477991560198,1510.4477991560198,3306.22866909688,3763.5061187362267,3078.0572092555303,3584.4439477729065,2981.3245173130476,3361.3472015351676
2024-11-05,1670.7374605867808,-1670.7374605867808,3247.46003525677,3696.880711167447,3042.1962277241687,3438.6578431698617,2878.636070141787,3266.692233720818
2024-11-06,1997.3982300410935,-1997.3982300410935,3367.0961959149718,3832.9060166910963,3147.530807788197,3621.8126485325765,3008.569412014942,3509.044673777419
2024-11-07,-980.5492044195562,980.5492044195562,3431.6665204657043,3906.1241518871343,3073.2622874003036,3487.6977618811993,2946.217376801678,3299.5124425031418
2024-11-08,1075.0393220303667,-1075.0393220303667,3406.2821899910628,3877.4166223061534,3055.154445620028,3650.6248087081017,2957.990774733358,3478.559298764274
2024-11-11,207.24777520797943,-207.24777520797943,3431.096186088654,3905.4691699834625,3335.2148309169042,3876.9301399456176,3107.0186210419415,3675.3130552550656
2024-11-12,-2699.6589053323623,2699.6589053323623,3450.67835912714,3927.6299957339247,3427.716951527241,3868.640944289518,3227.7771433688904,3640.4487990145562
2024-11-13,2757.757738020322,-2757.757738020322,3360.871830531414,3826.0365465857726,3177.729703074253,3713.402718425502,3011.136615359602,3490.9164929934764
2024-11-14,-2349.1158539487733,2349.1158539487733,3369.906013788268,3835.9385385258697,3161.791453620889,3572.8582231435516,3034.26695664152,3361.0095262881414
2024-11-15,-770.4705278789261,770.4705278789261,3285.652791901254,3740.533567584632,3015.6494711187006,3417.1431918381177,2876.1695258552927,3250.128981152002
2024-11-18,-8.669707508161082,8.669707508161082,3268.0936164715786,3720.6979294337034,3233.8777009155756,3764.793460038425,2967.8058185832583,3562.3361487269285
2024-11-19,-2228.0627749683845,2228.0627749683845,3222.2416213563256,3668.3190593516806,2976.9763525613434,3358.8190929672915,2898.5578657754604,3151.035417877141
2024-11-20,2495.7888656481155,-2495.7888656481155,3140.070422685175,3575.323040693802,2895.2130430254238,3235.848958409748,2731.648636814102,3072.080332938011
2024-11-21,-2263.2934248224556,2263.2934248224556,3265.563192229698,3717.899773494384,3116.849359313519,3481.8852608656243,2925.0980984350613,3271.6532108770143
2024-11-22,358.51983390637906,-358.51983390637906,3174.105008032225,3614.227999320819,3072.8997250314483,3482.136613513857,2784.085071481045,3296.2117995388276
2024-11-25,-404.80383978412283,404.80383978412283,3176.1456875769895,3616.297490222376,2928.3191988158715,3224.5078647881555,2787.2074523119545,3077.7366017901213
2024-11-26,-63.542579699875205,63.542579699875205,3155.952548631288,3593.3149733799305,2966.4043925859087,3318.302532706017,2769.4945856746313,3126.3202496524746
2024-11-27,-2429.1769952202376,2429.1769952202376,3175.174447362151,3615.2278171083663,2960.886274256818,3314.0643492637055,2782.8837713995904,3087.2805304169715
2024-11-28,1514.04643518589,-1514.04643518589,3067.620240030311,3493.236251157689,2974.863889205821,3573.3998747756314,2793.2550273204547,3332.336878651901
2024-11-29,-646.8031797012445,646.8031797012445,3130.7516129936644,3564.7499957488976,2999.5710480956573,3334.907340127082,2861.524953349533,3182.002486085105
2024-12-02,1397.1848184651099,-1397.1848184651099,3042.6065664599187,3464.3658597393064,2920.8897969686313,3331.425959731151,2761.373819508122,3199.2009032052324
2024-12-03,-571.1468157227137,571.1468157227137,3100.011988934415,3529.4845901766503,2958.522626322421,3364.160663059836,2838.9053359569043,3205.773368138475
2024-12-04,761.4804791562492,-761.4804791562492,3070.7494508602763,3496.216298406359,2880.948348549021,3239.4775502296106,2756.441974869583,3126.6586446734536
2024-12-05,-104.16406777982047,104.16406777982047,3126.841402780577,3559.953833279873,2932.3808128455576,3297.904502008822,2858.9283255684413,3141.2460206256687
2024-12-06,-100.20583127812279,100.20583127812279,3134.2921629553257,3568.419472290606,2910.643174110634,3296.6683907790007,2795.3740868990144,3146.936151887424
2024-12-09,95.90805755187466,-95.90805755187466,3117.462484411184,3549.245671181118,2915.3019361742686,3368.993154404274,2774.415597297675,3175.7432589819095
2024-12-10,-1376.7013911094036,1376.7013911094036,3121.91525086512,3554.2472191673905,2871.4669108463186,3221.7726942260947,2745.1820206499942,3075.830820022983
2024-12-11,-132.634298999983,132.634298999983,3042.60889500191,3464.2364800366895,2901.1865178821213,3248.686716199141,2703.9889417691884,3049.6473785873686
2024-12-12,-1696.782597852849,1696.782597852849,3046.0383474232776,3468.1931180814354,2930.1960300086434,3310.1888192641977,2714.9434623183997,3159.519635752557
2024-12-13,-333.01050824544654,333.01050824544654,2898.167734847725,3299.6371410570505,2649.1478023938475,3080.4193787026124,2493.5167584682104,2971.346558783563
2024-12-16,-1060.5906170216404,1060.5906170216404,2881.294684279039,3280.4295730892777,2616.9792884306216,3086.2764012765874,2535.6099526220514,2936.782369740705
2024-12-17,1693.669673069715,-1693.669673069715,2826.283165422978,3217.9193214491324,2520.6016249040445,2910.7417261309074,2401.8607466905737,2822.67212199196
2024-12-18,-1736.9863817030855,1736.9863817030855,2891.4883061807795,3291.7677695181164,2502.8744441921626,2926.9475675473086,2421.501701545622,2797.9025544510305
2024-12-19,-708.4484890160966,708.4484890160966,2808.119669541929,3197.3305509786665,2590.1724985130527,2909.841827626727,2532.867063082456,2840.6993883276427
2024-12-20,-1576.1546892973784,1576.1546892973784,2771.2206119818275,3155.5260508992774,2567.207119514685,2867.8715253423647,2492.1437459005256,2854.425480962598
2024-12-23,-112.33020529481291,112.33020529481291,2720.9459642014135,3098.9471316745044,2416.203799740829,2831.1049392115233,2323.4207642543815,2659.5506182982162
2024-12-24,1046.5457813805624,-1046.5457813805624,2720.768137986954,3098.769499450173,2731.981196796907,2986.0674901193697,2640.2698661270542,2876.116850482069
2024-12-25,3707.6322250685334,-3707.6322250685334,2738.7461002093924,3118.721307813054,2544.0096570061573,2803.0492471082703,2386.8646157732505,2661.963986531913
2024-12-26,229.46081958447758,-229.46081958447758,2932.3784477181734,3338.7555615887754,2694.071083146677,3119.831287248823,2650.327719928002,3022.6652791154206
2024-12-27,-0.0352312041723053,0.0352312041723053,2932.8721659593093,3339.2740335618005,2807.036348179996,3355.8852682368242,2642.234726932851,3168.6897668816778
2024-12-30,94.75654412907897,-94.75654412907897,2935.508148259827,3342.228545049118,2817.4007160542124,3218.6882585368344,2713.549442018599,3033.4571492904543
2024-12-31,-386.0155692737608,386.0155692737608,2919.314508737389,3323.668927375888,2857.732800486373,3292.1835048768685,2753.80943440666,3123.428790806133
2025-01-01,591.4893875282214,-591.4893875282214,2897.323933791823,3298.62275828934,2610.0864342378754,3018.2170672312386,2486.728978216487,2840.0354816538343
2025-01-02,-867.4431822085317,867.4431822085317,2927.1909914976686,3332.508667906757,2851.2452311301145,3209.0634257821257,2684.1893422517123,3056.3204422482695
2025-01-03,-2245.503398448367,2245.503398448367,2895.5090714424277,3296.586852086331,2769.6739172234943,3177.9386914092165,2601.425339640207,3003.769914586249
2025-01-06,2439.1598799434432,-2439.1598799434432,2797.1483715946933,3185.065081011669,2724.6946629397767,3047.854366687423,2530.801462180569,2873.3850268687934
2025-01-07,-339.91143906791694,339.91143906791694,2880.319967662807,3279.3734048336346,2500.2632440306675,2883.50686651637,2414.686350824294,2757.9778197420287
2025-01-08,-1360.9380813722528,1360.9380813722528,2869.782011791059,3267.402332241722,2736.4217586054947,3067.759678714314,2567.8590625363495,2869.200521467742
2025-01-09,-57.617787907227466,57.617787907227466,2799.796472610998,3187.8973252258975,2647.566992982464,2923.7179402514657,2508.746208587574,2800.62563978597
2025-01-10,416.1453587619908,-416.1453587619908,2809.463909836154,3198.9462814785115,2726.9622789053346,3203.720204105073,2548.587778730437,3015.918883058418
2025-01-13,-2158.9120685104645,2158.9120685104645,2837.9200676432156,3231.258139568799,2662.4155042473035,3087.2995465842746,2548.495483439208,2973.4150247564403
2025-01-14,-94.30121334192518,94.30121334192518,2738.953374750951,3118.9795523374837,2373.617404228675,2752.255210243575,2262.2079167523348,2586.1173284739757
2025-01-15,-601.2191959740958,601.2191959740958,2742.6702260904226,3123.280311836656,2641.897141535055,2986.1461425380317,2536.1757610143923,2840.6290079792607
2025-01-16,1636.154972944656,-1636.154972944656,2701.564328082162,3076.5640201918145,2484.2697720993224,2838.687912307186,2383.412666030918,2754.5031040842405
2025-01-17,-1208.2358824371113,1208.2358824371113,2797.3927249788403,3185.437745462058,2691.402615372565,3144.3126095170583,2570.1848576783464,2960.3600226397293
2025-01-20,729.9691567692862,-729.9691567692862,2747.251311032484,3128.543436104954,2617.346358334956,2925.4488005393214,2476.3009396940533,2750.2536713335276
2025-01-21,-742.5114428812594,742.5114428812594,2797.473621045255,3185.661619772709,2621.992562551921,3029.160896886326,2519.3736113895584,2925.5209939030656
2025-01-22,3038.287577164592,-3038.287577164592,2776.8387272226623,3162.308248099558,2829.447902367804,3225.7389770035966,2730.543334811903,3103.2582505514656
2025-01-23,698.1765903898486,-698.1765903898486,2935.5753128628985,3342.700252855456,2646.1441871763714,3065.344385319978,2552.0368026049446,2872.5158114144947
2025-01-24,-1134.4826351691809,1134.4826351691809,2968.458686581313,3380.0057660231123,2692.8833794773536,2986.6811327332443,2520.1566039655545,2820.99290960742
2025-01-27,695.0409958070668,-695.0409958070668,2905.123073703823,3308.373714552586,2743.5397762289163,3066.3754643175016,2576.902358592102,2832.369548906656
2025-01-28,1186.4804814003364,-1186.4804814003364,2955.295375022823,3365.408224955511,2827.4688017600674,3394.4493865456634,2619.5919440567177,3172.593403364953
2025-01-29,-936.5711734468932,936.5711734468932,3038.687863365719,3460.2345193766064,3043.278675001734,3303.7521863013817,2822.850746711771,3091.673927607545
2025-01-30,256.9377478832903,-256.9377478832903,2975.755392105528,3388.6125916597266,2784.2301178060084,3147.6184676782914,2693.7304539614956,2981.1516963062763
2025-01-31,-396.42703734035604,396.42703734035604,2958.982121372606,3369.2999533456996,2789.274009065297,3071.953552472999,2561.2827188823103,2870.6269935162377
2025-02-03,1336.9465934628533,-1336.9465934628533,2949.0593790533603,3358.0743000447314,2768.5894490987603,3161.9013287194966,2585.6644995836796,3024.369309403333
2025-02-04,725.9759924845057,-725.9759924845057,3008.2803466697214,3425.3426808244567,2809.861954715608,3219.0944224740974,2699.6485663587373,3026.251287534881
2025-02-05,-2500.2476612214014,2500.2476612214014,3066.2314699396643,3491.2307963568032,2850.6793165284657,3190.3423421507346,2649.040705635646,3045.394562995882
2025-02-06,48.23798983414599,-48.23798983414599,2956.48168287401,3366.7599842996997,2749.940588595516,3200.5596989150727,2500.59845151506,2990.0417981760233
2025-02-07,-1659.8166728774595,1659.8166728774595,2962.050202944749,3373.027357328302,2940.895234495684,3515.477271976907,2753.406706645083,3242.459740747925
2025-02-10,-1694.7694065854157,1694.7694065854157,2882.1039546529164,3282.2743884250553,2777.1424872103207,3191.599104532369,2671.5675944201307,2998.845302754379
2025-02-11,-815.9724627480027,815.9724627480027,2807.641348600314,3197.8020213347763,2720.24127259445,3135.92859107224,2524.6334521654544,2946.2973718772996
2025-02-12,671.0061241210351,-671.0061241210351,2773.3332934504488,3158.851475226744,2553.748702141808,2953.728398886894,2467.2072638901914,2774.5713846970943
2025-02-13,647.6087829917014,-647.6087829917014,2822.511024485444,3214.8119615671076,2635.8785342980887,3060.7726197525344,2544.285385707663,2932.289728167377
2025-02-14,-1596.9974335000443,1596.9974335000443,2858.9227855592803,3256.1202089884173,2776.2680012527367,3099.88649780676,2574.10780191142,2906.4196528473553
2025-02-17,-365.97725809289113,365.97725809289113,2789.709232732093,3177.5769912074616,2734.328838675664,3179.0700012728166,2546.7484338056825,2980.603248105354
2025-02-18,351.0218120917634,-351.0218120917634,2767.3779292955105,3152.1047728325684,2513.8115214396644,2773.3351086813755,2374.7987514849406,2614.7025251062964
2025-02-19,616.1470697023324,-616.1470697023324,2793.627634028897,3181.889190464525,2615.757896429998,2970.6894497911144,2528.02133309627,2848.7486454799173
2025-02-20,-515.8034983419711,515.8034983419711,2796.0689163528496,3184.3050997120645,2498.654043077196,2918.2856226265726,2433.536052216066,2785.9872767903266
2025-02-21,-178.47364882289548,178.47364882289548,2780.918213287035,3167.358378626558,2799.387391394454,3199.2296955129095,2708.1228631772465,3098.6400083557987
2025-02-24,1740.3899019306336,-1740.3899019306336,2777.7269994223097,3163.8942879430892,2636.283468025615,2939.1355376795145,2459.425344486266,2828.3362547106153
2025-02-25,460.2529348231037,-460.2529348231037,2839.9820668480143,3234.368007349457,2616.188584247143,3013.126388960426,2517.2697609203838,2901.148025834912
2025-02-26,1413.2189989217295,-1413.2189989217295,2857.2473658764184,3253.8398228378255,2606.032939131256,3135.486855927573,2490.526724502312,2974.150889408943
2025-02-27,-1166.0469203790853,1166.0469203790853,2949.797753868251,3358.9999078645183,2869.660332097143,3230.0686270668,2690.64823858191,3053.7902190099153
2025-02-28,-1218.8675974551516,1218.8675974551516,2891.8486420056784,3293.1800593794856,3018.298626801553,3522.178486312191,2820.480587553682,3253.7337257692952
2025-03-03,-1090.9787657146153,1090.9787657146153,2811.3029407462736,3201.5403485527004,2496.9984249811255,2932.202223174928,2388.8964537544016,2804.4923283841035
2025-03-04,52.17279387853341,-52.17279387853341,2754.1491167610657,3136.5789430108644,2529.888891718839,2921.6956387539913,2441.2999623329347,2772.8157072100903
2025-03-05,817.9092868084044,-817.9092868084044,2734.0402365108807,3113.5815231833526,2556.729957664521,2839.5735910347785,2479.943634601053,2679.4990050609035
2025-03-06,-810.2190241264325,810.2190241264325,2764.030485916006,3147.5398005325833,2714.7718911684105,3048.509869005192,2572.617044191286,2891.977921768097
2025-03-07,-124.47505314883892,124.47505314883892,2717.5579823826165,3094.744758563248,2567.6794079644637,2847.723011559367,2516.649140288784,2720.666873439184
2025-03-10,1259.8847264548822,-1259.8847264548822,2722.64708349968,3100.5607375146687,2471.0507640419814,2939.4917905607062,2381.5722007235786,2796.8688084103806
2025-03-11,843.6048994066587,-843.6048994066587,2788.669189053319,3175.5215717314177,2690.2009054113596,3022.962191289365,2540.784619516783,2848.5851875736525
2025-03-12,-1216.1190985433932,1216.1190985433932,2837.1620805076827,3230.563412090731,2817.843304511881,3223.219014134322,2688.949334876484,3030.6403841296788
2025-03-13,912.7527114124241,-912.7527114124241,2775.0250620129846,3159.9740326264578,2733.3245156432845,3052.5705334866043,2673.8015039081142,2902.222673508689
2025-03-14,-70.41891764530737,70.41891764530737,2835.206388711604,3228.352876367362,2781.753429235366,3036.5933375151153,2598.8818149651,2864.6855912274473
2025-03-17,-1015.8819584261146,1015.8819584261146,2857.805580237243,3254.152885765893,2664.4052858253854,3058.949225292719,2618.0371428606954,2923.223694911923
2025-03-18,-2061.4092431007375,2061.4092431007375,2806.3125244591342,3195.662279099213,2571.9767250582045,2857.09537460287,2492.7719882548035,2728.9607090553864
2025-03-19,1045.8051360958489,-1045.8051360958489,2719.960966208122,3097.7786084041845,2690.391202633308,3058.9182048305893,2497.3187162966233,2937.165917693406
2025-03-20,1383.9804033390974,-1383.9804033390974,2759.922786549809,3143.052323977436,2469.221347367175,2872.1638627640777,2411.902179109077,2723.1929518857078
2025-03-21,109.66126763806824,-109.66126763806824,2865.712994006804,3263.398841658296,2604.111038980485,2872.6880877706685,2480.1419589376637,2729.2254988409936
2025-03-24,-1237.131830314931,1237.131830314931,2864.115997410073,3261.4972930896956,2734.4377247561206,3124.11048397206,2637.5167871069525,2963.6135677886246
2025-03-25,1444.0869805225302,-1444.0869805225302,2794.591867625794,3182.479748374144,2718.8112632978787,3189.8206304294554,2604.1957231325973,3012.7828211683664
2025-03-26,178.53519563113514,-178.53519563113514,2888.2802099069895,3288.959418034315,2650.8865401254393,2937.4958713074293,2529.4060626225196,2844.0692620489176
2025-03-27,-13.625769896971178,13.625769896971178,2921.519822569908,3326.8164968372976,2895.0022354141884,3274.9248327805885,2821.131484266787,3067.6878213070777
2025-03-28,-785.5220104436594,785.5220104436594,2909.119109152448,3312.632032652936,2793.6623048875967,3089.933278494683,2661.1002712923732,2939.790592429138
2025-03-31,3009.6004769810897,-3009.6004769810897,2881.2528672322887,3281.038332906827,2743.406388248879,3166.808205274125,2629.199689630153,2981.670087569311
2025-04-01,-1606.1663499297865,1606.1663499297865,3074.4727034829384,3500.744329431601,3067.319483418289,3447.1366601001982,2891.74248528791,3253.3338162857412
2025-04-02,-833.6559947233327,833.6559947233327,3011.430158057725,3429.285993358453,3003.2359324333606,3255.027983525103,2789.9971642591536,3071.680832881788
2025-04-03,-519.4837791091777,519.4837791091777,2983.6070076189208,3397.7581967057054,2744.760191251545,3276.477424917751,2582.3488925796637,3097.696021738605
2025-04-04,-24.847381382591266,24.847381382591266,2962.578275173129,3373.8704882665957,2888.0168400316916,3335.3736633585913,2705.8559937557498,3122.0633256139786
2025-04-07,-743.2608828408556,743.2608828408556,2972.0960427144487,3384.6998864168654,2835.1034504393547,3362.779000287874,2593.3722986627263,3137.064895501375
2025-04-08,-161.4480779126534,161.4480779126534,2937.2789999148,3345.123921266242,2714.216457980631,3170.0821967930756,2612.1926344025214,2990.299530307782
2025-04-09,594.8839467502912,-594.8839467502912,2897.1016680076227,3299.230909635551,2851.6815082577796,3309.891562130254,2672.701312746144,3075.2701487313047
2025-04-10,190.2930444146259,-190.2930444146259,2939.940295413909,3347.9128375946143,2924.754657880284,3281.0911147545607,2768.1924035658935,3125.1266789642623
2025-04-11,1662.1376894170317,-1662.1376894170317,2938.9015098779246,3346.6129833516575,2769.6330959509737,3104.3113744523416,2567.1272489671123,2976.283626248069
2025-04-14,759.0988663490934,-759.0988663490934,3022.9498537291493,3442.040555265587,2718.2437260790416,3307.0331929450936,2611.8446054173282,3073.6217211202616
2025-04-15,-1822.500730890839,1822.500730890839,3060.1741688618094,3484.271095185648,2868.3608835479868,3329.8593068305404,2726.655558118408,3168.870566399086
2025-04-16,322.9255772354081,-322.9255772354081,2969.9912148282624,3381.8959561418965,2842.730728379156,3237.275786047017,2724.7482164359026,3059.7073285961155
2025-04-17,-725.3562243653287,725.3562243653287,2962.225253228814,3372.877271137746,2867.2401268065546,3240.035585877508,2698.143955280254,3083.707311851804
2025-04-18,-1209.9112062048225,1209.9112062048225,2937.6932860392462,3345.0461922474856,2833.044854545443,3185.037781373029,2702.6425363576163,3032.9034420236762
2025-04-21,123.42479540114437,-123.42479540114437,2889.2777083360525,3290.1284364440007,2733.3174105265616,3006.295326695602,2556.696783715029,2860.163556305624
2025-04-22,246.96481371612026,-246.96481371612026,2912.1987016382996,3316.204633824796,2683.613726879795,3091.0400903699656,2544.5625772612657,2909.501310419392
2025-04-23,-1333.6848762181835,1333.6848762181835,2950.1242215606626,3359.3819527535497,2762.9780936969296,3159.5751716617187,2569.5762806746893,2988.5915005694437
2025-04-24,1102.0504605243477,-1102.0504605243477,2890.669163073791,3291.918671988731,2747.2702845689446,3154.1991978369056,2543.287548141844,2917.720197636693
2025-04-25,-177.09763949561602,177.09763949561602,2970.1872752424956,3382.3125860876125,2832.931082426045,3370.625458919253,2746.4715884898874,3184.0896581862285
2025-04-28,276.8442867989579,-276.8442867989579,2960.147708386286,3370.8551941025044,2894.8603548392366,3236.7325913799305,2796.112496640486,3119.296380889512
2025-04-29,-2306.648163481157,2306.648163481157,2965.4300552302525,3376.7408362648002,2736.9695494041507,3062.993503596484,2567.845008429039,2955.4713874677423
2025-04-30,1198.2876086590477,-1198.2876086590477,2872.645041828038,3271.7410990853737,2579.061870659458,2954.5229372389035,2402.877804310666,2809.6999168633656
2025-05-01,-1649.2676532316982,1649.2676532316982,2904.3226635462497,3307.492364777737,2831.975108720077,3144.74619005725,2672.7360022537046,3053.2366025279352
2025-05-02,-1377.3321816856333,1377.3321816856333,2826.913379913472,3219.6622532732576,2661.791918455122,3109.6879253877296,2520.6430565496917,2925.1494318650193
2025-05-05,-153.16121028321504,153.16121028321504,2748.3103371302705,3130.2988138876412,2616.11605159378,3057.4752900225567,2430.282727084707,2959.7679129420953
2025-05-06,1130.3406376643834,-1130.3406376643834,2753.406488500577,3136.2128081693586,2535.892879180634,2829.2697550358134,2463.439042236822,2745.4282196339864
2025-05-07,484.44358760780597,-484.44358760780597,2812.4162076948746,3203.1827096674297,2556.7148963729883,2782.2594230275167,2346.6115836136755,2632.933071336946
2025-05-08,-967.6689895944146,967.6689895944146,2793.489225993087,3181.424677658886,2804.779687458624,3122.399377098426,2670.621664178953,2974.5953614225255
2025-05-09,653.3472286808901,-653.3472286808901,2739.965171936593,3120.56180147948,2559.151934295528,3113.131116110315,2440.357122049506,2959.976750980436
2025-05-12,538.4978249212145,-538.4978249212145,2796.7658810318544,3185.3001752197333,2703.9208689550005,3089.093120470775,2602.5702492668297,2930.7377960476306
2025-05-13,346.4163000772751,-346.4163000772751,2839.0061645987903,3233.3933864726296,2654.5789188095764,3020.8599903345535,2511.2872582176897,2890.994470331159
2025-05-14,395.0512812426314,-395.0512812426314,2845.536325750058,3240.6634382765055,2603.0857783324423,2929.6680270487295,2448.007006081033,2721.36620208315
2025-05-15,-1352.9876841257137,1352.9876841257137,2873.4128343307816,3272.3288067229523,2739.333076096713,3014.221665816643,2584.809467077894,2901.453845957135
2025-05-16,-231.73163817074237,231.73163817074237,2802.6604669487606,3191.930684003545,2726.5536959763426,3022.7139424699885,2606.466728141703,2888.2281552321174
2025-05-19,-900.2666630975436,900.2666630975436,2745.268881020692,3126.443330279773,2683.7573082170384,2991.6791492700067,2546.3413978095327,2881.8851501128383
2025-05-20,562.7487947461923,-562.7487947461923,2690.7135295466837,3064.394552132681,2573.2635188733057,2969.520421118971,2450.773478809221,2777.569841296487
2025-05-21,517.4613633270346,-517.4613633270346,2697.4886905148655,3071.957033340531,2394.269991624689,2668.360752864007,2251.285464727046,2537.566021927733
2025-05-22,-361.87837913101976,361.87837913101976,2729.1463387528556,3107.886534033033,2495.120099885784,2925.176497184236,2364.8696406254653,2759.28504420389
2025-05-23,-545.2426300414008,545.2426300414008,2713.022823705689,3089.548134889227,2487.839006801972,3026.1335317067555,2384.5506782137422,2833.4669517403336
2025-05-26,300.43760562314856,-300.43760562314856,2678.67490903706,3050.6864038573185,2442.4741876720836,2767.166334751368,2384.9104903204243,2654.193096651339
2025-05-27,-2003.0720700577585,2003.0720700577585,2694.22291597762,3068.329651213073,2608.644176690314,2973.2226389136763,2558.755736631062,2835.8180178309362
2025-05-28,1122.8459250887681,-1122.8459250887681,2564.1188169829525,2920.814506377353,2310.12211049771,2790.8339312861053,2281.0118767516847,2693.540944789312
2025-05-29,416.79387990329997,-416.79387990329997,2625.5205992050064,2990.4893648411776,2620.4494584524623,2936.734389675357,2440.1780105650514,2733.8341889349476
2025-05-30,-675.5531705442918,675.5531705442918,2653.637138300464,3022.3990445710015,2567.8731450300666,2854.7946608549414,2444.620991968594,2705.22230226961
2025-06-02,-260.5429384062372,260.5429384062372,2622.025847640378,2986.440502801496,2626.500019957427,3022.866229422486,2450.345452151499,2844.8399948589163
2025-06-03,-1362.5359403949478,1362.5359403949478,2600.4480893826158,2962.106930613031,2597.543744162913,2836.287124624987,2488.4452163572428,2760.4205919662913
2025-06-04,730.7887074289902,-730.7887074289902,2555.6794280457116,2911.5368957047795,2319.9775176053017,2748.8819252294475,2208.7037846901876,2580.1003038566414
2025-06-05,292.30819324553886,-292.30819324553886,2584.280889411291,2943.894387074507,2541.2098324638073,2935.453248187321,2419.396221571391,2777.749119075287
2025-06-06,50.35264418259612,-50.35264418259612,2603.714295995408,2965.8625679449074,2553.659541959713,2835.9205469050326,2365.137201577013,2742.7286963324027
2025-06-09,-1120.8096140155103,1120.8096140155103,2602.2863921820153,2964.091545647037,2433.1817820332,2877.1377650808745,2440.6827595135287,2754.3221186365795
2025-06-10,642.002705118859,-642.002705118859,2564.162045052605,2921.204836218759,2437.0075099562514,2676.107060051081,2391.6830228755007,2609.463030081513
2025-06-11,667.9498055281074,-667.9498055281074,2585.159385382693,2945.1491940530905,2532.1388679597003,2854.226059932877,2418.3392396956533,2742.9130841009537
2025-06-12,3742.198618678318,-3742.198618678318,2618.3642822374863,2982.8812516657817,2503.330924200507,2804.292454339714,2415.381098898876,2717.1839844004653
2025-06-13,-1503.8434628921823,1503.8434628921823,2732.4574265904143,3112.2042166170727,2690.6514065838596,3045.3227584021115,2576.7195785706303,2916.855197661362
2025-06-16,22.533372497164237,-22.533372497164237,2658.8521458718524,3028.605024729502,2625.078800796721,3047.7533360019224,2535.2532587028104,2804.361408323826
2025-06-17,-426.5579403611555,426.5579403611555,2642.681131959896,3009.9979739643663,2494.1635634743097,2872.5057162355783,2392.6675050067,2699.0521790784396
2025-06-18,637.0630848149376,-637.0630848149376,2623.017661026895,2987.624079549979,2378.576719520966,2701.3702178317963,2278.620147211282,2612.4214319195066
2025-06-19,1156.7890987771752,-1156.7890987771752,2643.7294845980337,3011.1208200635397,2621.1502704538493,3109.9240659063644,2529.3820504339997,2894.487991370884
2025-06-20,669.6568942593003,-669.6568942593003,2710.035919275795,3086.4375489874283,2639.8938005493706,2971.719843748702,2469.4953221461014,2798.5419153173643
2025-06-23,1518.5278438826208,-1518.5278438826208,2749.360695019819,3131.1018882430253,2604.0469765824823,3193.229862282359,2552.308394119575,2998.9714290495635
2025-06-24,-166.33060495724203,166.33060495724203,2809.484021821119,3199.2640821011373,2520.926109313146,2940.1011497351265,2441.1913047745516,2794.117328133376
2025-06-25,2383.32203111118,-2383.32203111118,2801.2792501164126,3189.8892897660644,2600.631787999785,2930.6632041095104,2461.736191649476,2726.048690785368
2025-06-26,-648.7334305259865,648.7334305259865,2965.5688939145543,3376.82202109423,2728.3185042918644,2987.3046650783517,2527.659120221757,2800.283123767947
2025-06-27,-688.3153858315927,688.3153858315927,2929.3275202137456,3335.5723270471594,2756.5726436245714,3153.5253616127043,2606.94916947452,2942.819208857811
2025-06-30,-1776.006661819425,1776.006661819425,2871.9017533672177,3270.043012615267,2715.7941916809514,3081.941842410252,2584.140397025248,2906.9995741121143
2025-07-01,324.4293943419907,-324.4293943419907,2794.655848056247,3182.3900866165454,2546.8414461963566,2971.2185745627767,2445.3011225764594,2802.015814897094
2025-07-02,109.98639676770836,-109.98639676770836,2819.980550970357,3211.1755970919135,2800.8145723345524,3113.710708884286,2687.6763115161198,2968.067416928568
2025-07-03,639.7920699978858,-639.7920699978858,2822.964883338917,3214.4852423049847,2547.039063941172,2921.4373654828014,2410.5365358518707,2751.24423325148
2025-07-04,-86.23085161104973,86.23085161104973,2859.661218699784,3256.1049513911184,2757.3805711382965,3185.691992534342,2562.367251746073,2951.126024644745
2025-07-07,-1812.74945705368,1812.74945705368,2869.3133648301146,3267.1081839266703,2683.7890081051155,3022.641080592067,2512.238729042638,2848.4126954106887
2025-07-08,478.96515744083445,-478.96515744083445,2790.81121789988,3178.0658536665564,2579.6314539106415,2972.687700991285,2438.6670284705438,2795.3043316149997
2025-07-09,-702.9063650470998,702.9063650470998,2819.047076643791,3210.174433474903,2621.6972300237016,2975.7304816178344,2460.739692618021,2817.4313293954137
2025-07-10,1118.075382033865,-1118.075382033865,2783.4443878952065,3169.8333173664055,2583.7928586143803,3004.156236923449,2548.5521555160917,2898.1479783172194
2025-07-11,-247.54339777104178,247.54339777104178,2821.8969322839102,3213.325297411278,2631.193968758946,2955.674265710793,2417.5229731117533,2761.396225996043
2025-07-14,-806.9570312737269,806.9570312737269,2821.047440632488,3212.3919944526347,2809.5238787391895,3190.346258856748,2569.808896844265,3029.1401534215456
2025-07-15,-307.0998971510271,307.0998971510271,2773.8264262079365,3158.622769777926,2654.263000081224,2990.741750038319,2528.134722420528,2785.1168523869974
2025-07-16,35.50936251581879,-35.50936251581879,2756.9745114282323,3139.437844243944,2608.0322561066514,2950.506592202982,2438.1159822127293,2808.911047804436
2025-07-17,-1286.0346218355626,1286.0346218355626,2759.9327408424692,3142.7460178688916,2710.472187111897,3107.828398710401,2515.803373247876,2889.4227478898006
2025-07-18,-1064.3028879865742,1064.3028879865742,2671.8290287388395,3042.4661989727356,2620.55719939822,2866.0953789562727,2409.1155839562225,2699.4083936604266
2025-07-21,942.637234533373,-942.637234533373,2578.4611832865485,2936.142948477407,2573.9685361886586,2785.830542387954,2338.1555037370513,2653.40554265788
2025-07-22,1154.4469912751156,-1154.4469912751156,2539.948508543139,2892.7581502421167,2421.113863322756,2740.498139082851,2345.6836399698263,2661.1797275009035
2025-07-23,371.5511014405274,-371.5511014405274,2601.667422510741,2962.8862500627183,2629.6857951274696,2962.6190589238927,2500.776799570633,2848.202140059491
2025-07-24,-10.156356923282146,10.156356923282146,2620.7910405211614,2984.517190219919,2455.597006535609,2790.839399583103,2359.9111772324145,2690.2320168245965
2025-07-25,648.24836861941,-648.24836861941,2610.732441442479,2973.205803633348,2391.2658718068915,2659.527537583609,2302.017672504553,2566.0006618924076
2025-07-28,201.07733447410283,-201.07733447410283,2631.399094177806,2996.8745105633966,2384.3015648124247,2790.274642897865,2304.08094814385,2766.0756545683616
2025-07-29,-1406.8107386522752,1406.8107386522752,2641.7780036965974,3008.636317497498,2388.359927727049,2872.791305427122,2320.5574669880716,2712.687555843476
2025-07-30,-26.466580752297887,26.466580752297887,2601.47787079057,2963.3034986999323,2519.208232213933,2870.9075721395393,2393.773646600591,2833.6326901569164
2025-07-31,1671.9368190226378,-1671.9368190226378,2591.500810423888,2951.6830670201393,2361.7224729220034,2793.2006509117,2337.713592822591,2707.8436013176643
2025-08-01,118.07663820548623,-118.07663820548623,2680.59067385693,3052.726848182515,2537.882061030975,2819.301082868882,2335.9782561796546,2684.715296921849
2025-08-04,-811.1921176025135,811.1921176025135,2694.214868157058,3068.367480895625,2377.800824584533,2734.466472723015,2357.9452016124437,2581.7677252566154
2025-08-05,-2248.863601273217,2248.863601273217,2656.560397809678,3025.5177769897305,2653.0855403877813,2993.263291764712,2452.536139119691,2920.0579110497456
2025-08-06,634.450840251222,-634.450840251222,2597.0184359000677,2958.5237380768185,2579.578150785742,3129.4706781669506,2550.2634488399844,3070.0551047602653
2025-08-07,225.46824644004664,-225.46824644004664,2600.2484524695765,2962.217622985387,2572.478757567402,2999.0763244717136,2488.656339681251,2995.538084621396
2025-08-08,2668.408582656273,-2668.408582656273,2606.4018231414266,2969.1856099375127,2397.8123017918488,2751.713815484271,2363.547051471649,2626.467801456152
2025-08-11,-564.5167488750012,564.5167488750012,2728.511130371619,3107.8981587213793,2609.5003053247096,2956.4858537464956,2377.3451255463797,2794.845972809934
2025-08-12,1177.7504541586895,-1177.7504541586895,2698.01799002791,3073.620466358104,2555.3527299214306,3164.1169707991626,2519.0307865710297,3102.581597681358
2025-08-13,1966.9983463014942,-1966.9983463014942,2736.129231528455,3117.027126498451,2711.5443050743356,2956.5460942120035,2594.337245032763,2879.3939664823874
2025-08-14,1586.8521864548457,-1586.8521864548457,2818.1439726488497,3209.8002572415153,2646.775017700083,2991.1954266694634,2502.25702660236,2805.518183922456
2025-08-15,-1225.0240863900472,1225.0240863900472,2885.22627166528,3285.7532894394103,2741.501904615412,3194.894490355311,2611.0298816788923,3063.0450209640117
2025-08-18,1213.184834537904,-1213.184834537904,2816.184448055027,3207.383722297636,2764.101525841803,3170.183788476937,2565.0299464617797,3017.472426016029
2025-08-19,-898.8829650312764,898.8829650312764,2881.018178003114,3280.9825039710586,2711.1395446636257,3151.341658471669,2507.977138590521,2970.5760274327426
2025-08-20,-323.5913631926669,323.5913631926669,2830.5818573834044,3223.6578680364855,2669.729078047751,2971.6603318239468,2413.913205030138,2760.684731243585
2025-08-21,877.7402289766178,-877.7402289766178,2788.9528381950577,3176.528045390102,2660.65574018708,3063.781500111282,2617.4226310471518,2930.1927137084667
2025-08-22,-1319.9898510318308,1319.9898510318308,2841.2494542468703,3235.9315742652116,2688.476586731516,3124.7733273603953,2529.1170153645903,2989.399282327967
2025-08-25,1346.2793909731554,-1346.2793909731554,2770.4542125301004,3156.0530218674107,2640.20697054708,3057.788384172087,2502.402878888453,2967.9346020170306
2025-08-26,3122.081040029414,-3122.081040029414,2827.7715005311043,3221.054996542367,2794.255356299917,3172.4143114210283,2696.6586061667317,3104.41745084788
2025-08-27,730.4006769466141,-730.4006769466141,2997.187147913202,3413.5047451841274,2606.456381265224,2975.269269679082,2491.943690952207,2800.759510021561
2025-08-28,-33.24346939087263,33.24346939087263,3041.3567940979265,3463.6993051474938,2995.065359649274,3404.0956674423796,2782.857017193,3175.259529127842
2025-08-29,2935.7918065284975,-2935.7918065284975,3030.85274191102,3451.638676486604,2858.8998968098667,3257.165520041812,2719.1381897313854,3083.145785852006
2025-09-01,1928.7343896826205,-1928.7343896826205,3214.8483596911524,3661.0006155466335,2901.6825388173797,3195.6244577371485,2737.9269576198053,2981.5586740625477
2025-09-02,575.6135464898543,-575.6135464898543,3348.3243079935282,3812.838175087086,3051.6130523275738,3456.2828294516767,2847.5405321030953,3223.657237946654
2025-09-03,1237.56391775862,-1237.56391775862,3303.0936284678837,3761.1944729106,3058.021761502109,3571.974275518661,2837.593472266583,3357.617564473945
2025-09-04,-16.13618220184435,16.13618220184435,3322.194901531156,3782.7071295252363,2947.9870058083143,3421.785083351103,2838.0448571828274,3177.7691540322203
2025-09-05,-999.7331938417483,999.7331938417483,3305.181677784921,3763.251733878689,3166.201144476145,3635.145248136192,3047.9341830790463,3417.3838087945014
2025-09-08,-50.01368958473904,50.01368958473904,3285.4738427591346,3741.2010944790377,3107.460218849168,3576.347616851268,2925.009976723219,3337.8633528109654
2025-09-09,-437.2760262775919,437.2760262775919,3263.939320751935,3716.4554840965307,3059.7465221779994,3634.3841182430174,2823.908130488947,3424.4722662358063
2025-09-10,491.382670158142,-491.382670158142,3220.8424750671807,3667.396299055455,3014.994847723147,3358.001561181085,2774.5217319206827,3126.314663819177
2025-09-11,-466.28677078304463,466.28677078304463,3212.992327169715,3658.3799966996944,2872.9189026405143,3339.780341762994,2748.754520114669,3144.3789308057176
2025-09-12,1034.7644694028422,-1034.7644694028422,3194.4298742525084,3637.2430623453606,2809.607597419857,3295.67468886836,2667.923478890525,3067.9587610472104
2025-09-15,3385.5595125482214,-3385.5595125482214,3226.901487486722,3673.729664604237,2939.0073123786988,3560.124637252707,2816.171609903106,3275.8269831310076
2025-09-16,2696.633302760747,-2696.633302760747,3332.0283484923275,3793.177453363417,3163.094811713736,3468.7861686297983,2963.676432104156,3229.4962600609997
2025-09-17,580.2442290553372,-580.2442290553372,3409.704810466587,3881.271830341184,3218.791247348033,3789.1906820275035,3008.5073651956923,3533.328913248037
2025-09-18,1736.682118265082,-1736.682118265082,3416.24036896137,3888.5762763273233,3265.086168283611,3751.3137596116358,3103.9100139726847,3502.1357059868533
2025-09-19,-1431.2261813403748,1431.2261813403748,3376.3424485230125,3842.832200363149,2980.5208809118412,3330.115668679652,2846.5315046711985,3151.3073303917704
2025-09-22,-3424.8914814372474,3424.8914814372474,3321.523554891335,3780.7022628099216,3089.8410722982553,3464.414335947187,2922.7696012469632,3325.4552226164174
2025-09-23,-384.97334222159407,384.97334222159407,3248.9382616678286,3699.2803109886827,3118.5402660797863,3483.9722261616394,2897.0691651296365,3207.9493097584063
2025-09-24,-767.9515388826621,767.9515388826621,3225.0269690618798,3672.0533520747604,2985.578441022981,3440.57844435378,2789.7417730633674,3237.554104775038
2025-09-25,-209.02842413104372,209.02842413104372,3199.7161181286397,3643.3053017974507,3002.075049757289,3348.2906154634547,2754.8692829970532,3074.92675249431
2025-09-26,-1943.0020900888558,1943.0020900888558,3151.779614795215,3588.638575303336,3106.8609173477503,3505.295421969394,2888.8435915720406,3319.2675929818897
2025-09-29,-2203.2559548038407,2203.2559548038407,3053.6239443134805,3477.1494085628074,2699.3789454490325,3235.8261026205664,2544.9253507366334,3002.7229296777673
2025-09-30,-1667.323505011962,1667.323505011962,2914.3054199737585,3318.6865056846536,2649.1802285367576,2872.5773012778527,2523.8435870290336,2682.3947667099055
2025-10-01,1219.3318618507692,-1219.3318618507692,2807.9871925461935,3197.7425848041853,2673.2112585671316,3027.5589061114492,2514.667049623666,2809.946668249294
2025-10-02,1415.3510419525774,-1415.3510419525774,2913.223183283617,3317.568069831965,2650.222357154108,3107.564202145788,2481.1416793692424,2862.2160184346862
2025-10-03,596.8768231876602,-596.8768231876602,3007.307228757321,3424.5462491353424,2771.63741120344,3110.9542324420677,2635.1919338060093,2856.163272607929
2025-10-06,900.9593032256817,-900.9593032256817,3042.5100810546705,3464.50893486421,2978.1309146338267,3294.354405287081,2708.493595592609,3007.012699125766
2025-10-07,-666.1355449118491,666.1355449118491,3087.8966039649376,3516.079543816732,3024.0694327421843,3419.822080303843,2793.9946595739907,3180.6076766455963
2025-10-08,-1897.0178118644908,1897.0178118644908,3063.290567352585,3488.1613566371925,2892.848016806539,3374.132723589447,2731.0077534328802,3147.2272720165224
2025-10-09,1913.766006332109,-1913.766006332109,2969.643839000505,3381.7903486079285,2856.5503823409595,3216.6066681976995,2679.189742324071,3008.866880967071
2025-10-10,-871.4133187974949,871.4133187974949,3130.6510521032533,3565.1001316217,2943.776650412432,3242.539819263383,2749.798316591658,2972.3028536694574
2025-10-13,246.4840711234574,-246.4840711234574,3097.01079003782,3526.9339830329304,3086.9674483375306,3575.8931916233387,2810.404830080787,3292.576440907725
2025-10-14,-422.0709807416497,422.0709807416497,3113.527548912636,3545.7080797067274,3063.9803712783078,3451.6144805052463,2697.719013215665,3132.7414814698423
2025-10-15,-1909.6291948433136,1909.6291948433136,3094.2590211298802,3523.814477903601,2693.0929011802846,3053.0029339288676,2527.971134386003,2867.7548326403717
2025-10-16,-250.04807814610103,250.04807814610103,2993.801882644512,3409.663167302649,2750.6008771427146,3201.284466920325,2506.987315025261,2942.6255924358343
2025-10-17,740.2326253965075,-740.2326253965075,2933.5340555443754,3340.988912195552,2849.5587433238875,3221.727697644533,2648.7590493187627,3024.9210467036205
2025-10-20,3058.974308634017,-3058.974308634017,2972.7850648999984,3385.581675220832,2815.562793744369,3204.7184198976,2673.1548104256767,3033.9728923877465
2025-10-21,-1906.1137536881506,1906.1137536881506,3099.994431451475,3530.318805226912,2904.8582595436546,3160.93453310517,2673.8529057321475,2895.626012372722
2025-10-22,-1889.0923200635152,1889.0923200635152,2979.628570680392,3393.3767631579385,2684.322013114678,3084.9084909742323,2572.6070694676655,2878.8718723572247
2025-10-23,1276.804758394319,-1276.804758394319,2857.2988087593085,3254.188598371911,2910.291254024686,3255.0836216869275,2720.0179844916142,3085.438864422523
2025-10-24,991.903291159666,-991.903291159666,2955.901295417684,3366.4495680183213,2610.6929804115452,3330.1849172441043,2408.4513214962644,3054.0927657440525
2025-10-27,-1895.480366898424,1895.480366898424,3039.4334228587054,3461.5339882093035,2801.8269600618046,3188.3811967948277,2624.173932162779,2949.1699542924553
2025-10-28,1117.6207974287827,-1117.6207974287827,2930.310980965908,3337.5178588463796,2727.4181745844467,3269.063949017732,2522.617745747761,3121.1457544870727
2025-10-29,1508.3080497884075,-1508.3080497884075,2940.7287615112878,3349.1203088089337,3041.9059810476683,3438.238797637845,2747.0264851775246,3148.251278378388
2025-10-30,-644.4621515878025,644.4621515878025,3068.32887419828,3494.3979458141994,2796.5118410444356,3413.425543695351,2709.944622495275,3157.6113099788713
2025-10-31,-327.9546927041083,327.9546927041083,3022.351689755439,3441.989832055923,2963.7077851093086,3299.2329963904945,2742.7916097353254,3060.1207587172535
2025-11-03,498.3806734789832,-498.3806734789832,3011.1970023306876,3429.3209945812036,2760.191803237744,3194.1822574891894,2564.213117035397,3047.089441357924
2025-11-04,348.5031374579776,-348.5031374579776,3033.0229189363527,3454.09989627163,2823.520318219254,3142.9293330198852,2665.42803144279,2950.116638079242
2025-11-05,-777.1310192061937,777.1310192061937,3050.436805576723,3473.802243795365,2822.670293340342,3249.906862374772,2699.798078301716,3049.486952036346
2025-11-06,974.6293269412781,-974.6293269412781,3009.9902478174577,3427.764063017018,2950.438458158838,3248.6144370956818,2751.8743936188503,3016.1370646076166
2025-11-07,-706.940235694572,706.940235694572,3070.579915474371,3496.6093901032964,3111.859435803997,3468.5329696473004,2881.4574681329077,3174.147437364531
2025-11-10,-821.2760193688882,821.2760193688882,3040.2616462832584,3462.158107682239,2755.4477281078384,3261.307534449046,2591.502871789138,3012.602636831609
2025-11-11,-954.2519100195059,954.2519100195059,3003.0756546680104,3419.9117691544584,2816.424075314464,3189.009548741784,2638.9332990296475,3005.511708096898
2025-11-12,-89.97974818290822,89.97974818290822,2907.915004347676,3311.568813347679,2663.885430849647,3142.2711937159806,2523.767248085216,2869.6702681427255
2025-11-13,1542.9609626290403,-1542.9609626290403,2895.2019949383093,3296.97633273135,2709.2632341113226,3002.145689076101,2543.731645298877,2883.481871701809
2025-11-14,540.8074738486903,-540.8074738486903,3015.1994831922593,3433.512062159008,2778.05305131722,3185.532788353469,2655.376658270013,3047.726483903763
2025-11-17,460.6941402038792,-460.6941402038792,3049.883876484157,3472.9285505663775,2695.7928127385712,3167.1293242780466,2543.855245299428,2967.0688175073656
2025-11-18,268.70091083145235,-268.70091083145235,3090.640663365599,3519.2443787683123,2909.646590240236,3281.2020293997202,2680.4874260586394,3008.422192833509
2025-11-19,-419.8972759403405,419.8972759403405,3107.4935932180288,3538.38768415966,2934.784420213724,3288.45590715615,2758.270062916312,3063.0751206595005
2025-11-20,-2516.2582973044846,2516.2582973044846,3089.880083125157,3518.3269261272258,2750.379576382821,3001.4636752757265,2618.8314008746515,2865.8880795057894
2025-11-21,-965.5427781720791,965.5427781720791,2960.7332824156038,3371.6445004803973,2936.6834036579367,3265.490148118336,2710.150637561024,3004.9626726263473
2025-11-24,-2208.50594408522,2208.50594408522,2912.000727558884,3316.2968247018302,2708.3160857403777,3231.860597051852,2560.4063911714866,3031.9740534883213
2025-11-25,-977.659618829668,977.659618829668,2790.4216390098945,3178.140023465347,2485.9921775064904,2882.2482990839026,2408.7846495009544,2723.4660934320827
2025-11-26,-358.1730194137999,358.1730194137999,2728.480866202802,3107.7880221839205,2560.076362577845,2829.6627161924957,2479.6369977184563,2744.8119918535176
2025-11-27,-208.00935935609596,208.00935935609596,2726.275929461799,3105.335268818311,2537.889314256863,2897.5392632315516,2452.8420533370236,2776.1173149541005
2025-11-28,-891.9376560590026,891.9376560590026,2723.2435424485748,3101.8382142086125,2577.0331600933873,2892.4563124254178,2409.769560317296,2735.749930982274
2025-12-01,257.38707784035796,-257.38707784035796,2670.722439678655,3042.324614491958,2427.113346424219,2842.3375621735354,2397.336959872732,2756.822754497904
2025-12-02,167.83886389074905,-167.83886389074905,2687.6284901480917,3061.457905415747,2567.2314322449092,2933.676820246929,2475.097964679403,2817.609857052813
2025-12-03,487.5578768259584,-487.5578768259584,2684.5968665970468,3057.809625583632,2558.1173505623883,2941.3222229339635,2469.4871060328314,2818.0046922290067
2025-12-04,-522.4278259263665,522.4278259263665,2704.604809021537,3080.592189488723,2573.788262318444,2847.3684446865723,2454.472302366722,2714.8289616740685
2025-12-05,-42.591169309976976,42.591169309976976,2686.2068898540865,3059.7444877792395,2645.9439854991056,3156.1605246654385,2621.7475737926,3057.3145276094783
2025-12-08,-98.76071978914115,98.76071978914115,2675.384506108883,3047.4911618262736,2622.4443542327494,2992.640841709678,2405.991024233052,2885.160938495206
2025-12-09,578.438604166302,-578.438604166302,2651.898627294538,3021.410160938182,2438.107784583727,2802.1174508195404,2444.9884131647746,2743.4152341288623
2025-12-10,2.3245821224263636,-2.3245821224263636,2662.751928790887,3033.3220338056203,2456.4806431236775,2940.173546877238,2472.2878990213476,2917.368683030799
2025-12-11,2555.0635155660857,-2555.0635155660857,2639.7607817067583,3006.9268819455788,2522.590436721939,2920.3809322216302,2446.034185808371,2858.939347947347
2025-12-12,1478.8578493926325,-1478.8578493926325,2713.7847966498575,3091.4714762651265,2697.785655110237,3037.856983308548,2657.1602509590707,2920.3613779472944
2025-12-15,605.8731363055631,-605.8731363055631,2793.366720400055,3181.8968676335253,2688.664250686096,3146.732504126621,2598.3374183997225,3042.9924284269455
2025-12-16,2304.4051348719877,-2304.4051348719877,2819.2862781342546,3211.2198947083853,2853.7610398179554,3366.839999504025,2732.941292887331,3326.5941846041264
2025-12-17,-1915.78759532822,1915.78759532822,2965.139911002125,3377.051979053747,2832.0948283548173,3176.2854085830254,2633.630864350571,3024.144432208385
2025-12-18,-536.7701411951421,536.7701411951421,2880.8529477063776,3281.5186530073806,2692.9460825414512,3020.473910963039,2506.4723677753923,2934.486345184177
2025-12-19,-369.89184177048446,369.89184177048446,2870.115996364787,3269.5128562646523,2845.079163237875,3286.5837689658997,2612.828746904963,3192.945859342055
2025-12-22,1486.1234703457449,-1486.1234703457449,2835.047838359058,3229.411606832715,2660.4208312562337,2989.9860862076193,2470.7327862825914,2900.2974928862095
2025-12-23,-637.0857473344222,637.0857473344222,2901.451439162911,3304.725748987989,2808.3877480038536,3191.654765263592,2680.7048673135505,3078.0214807026778
2025-12-24,-994.742505395101,994.742505395101,2858.0662881922626,3255.2444493550092,2696.137500423038,3019.7863878373546,2596.516593752514,2938.491196118073
2025-12-25,-892.4746253872145,892.4746253872145,2815.2335485545323,3206.5535300937504,2728.1505606772166,3088.8057350366535,2624.821955271571,3013.974964605051
2025-12-26,621.2973174486469,-621.2973174486469,2768.160730066514,3152.9398713645032,2659.9697430171805,3141.353687505325,2622.547340330086,2978.7658757121567
2025-12-29,181.1917091556752,-181.1917091556752,2795.240995144981,3183.6114763952387,2499.9185934317015,3092.595494428062,2475.6664633591795,3047.8946532372192
2025-12-30,610.8029434425698,-610.8029434425698,2791.4226469197442,3179.1124372044096,2730.8576969302935,3204.566759948566,2652.105306241473,3084.9817575961233
2025-12-31,1106.1144144384161,-1106.1144144384161,2833.871184072201,3227.2867824985087,2839.326134269505,3387.4013707301747,2710.91903808082,3196.488648748595
2026-01-01,-575.2476357013002,575.2476357013002,2898.485149298974,3300.6712700494136,2966.167458836819,3335.0051359649015,2817.3235836066324,3154.8058918655834
2026-01-02,503.97710543350695,-503.97710543350695,2861.845647975768,3258.980046391285,2670.7194952078303,3060.1562102321122,2645.5103381711615,2980.2807916099914
2026-01-05,556.006994831936,-556.006994831936,2880.5834509321317,3280.1197755047187,2659.6659731191626,2942.159922672389,2525.7553814380003,2837.5875589298366
2026-01-06,-852.1148452952839,852.1148452952839,2916.3102876567914,3320.6779914103704,2642.2506184596205,3068.8311998513354,2593.3110295591873,2905.397746897954
2026-01-07,-779.1498497727953,779.1498497727953,2882.734321447961,3282.6877898622524,2601.068263510931,3099.917851168978,2591.8267931108808,2965.528754353376
2026-01-08,250.7405173109073,-250.7405173109073,2818.6544463756945,3209.733399246754,2624.7795262715117,2932.244415619893,2527.0535187287173,2780.2494136358573
2026-01-09,872.8093593181984,-872.8093593181984,2827.4470285386174,3219.5828424615465,2770.441734971178,3097.819667732583,2639.7389386387927,2918.2069292672923
2026-01-12,448.09123614267446,-448.09123614267446,2871.068798946994,3269.025610498176,2752.70474912148,3143.915262010055,2661.7572181763635,3002.865729896261
2026-01-13,-142.48950708750635,142.48950708750635,2893.553124583101,3294.481938749765,2796.9969229447706,3095.7302697087694,2667.142157081532,2948.5194097539916
2026-01-14,655.3820412057321,-655.3820412057321,2885.726887831539,3285.6024365311464,2748.3138318834617,3183.4802606708154,2641.2862845637023,3011.98860075378
2026-01-15,811.41693761637,-811.41693761637,2934.9319251542797,3341.526514885564,2677.248276760579,3001.9860945878463,2511.3259387631615,2844.5108523347076
2026-01-16,1044.965695586252,-1044.965695586252,2993.218215821207,3407.946699751351,2710.7608585135436,3050.1695120502773,2569.078026963973,2925.42520511788
2026-01-19,631.1310132233993,-631.1310132233993,3058.6573314678576,3482.2982889814725,2833.385339657287,3229.3658305257773,2724.059680601624,3072.2347243431573
2026-01-20,-584.5643906665355,584.5643906665355,3104.9502899927757,3534.924968185765,2842.8835854848303,3259.834261541884,2656.9003191657584,3060.4448481334985
2026-01-21,-281.09054454247234,281.09054454247234,3052.0166017219212,3474.634584666346,2695.867923671248,3347.016295269189,2611.1014509999477,3151.698008836195
2026-01-22,473.1590492939431,-473.1590492939431,3023.5239854470387,3442.075884161631,2659.373958444091,2968.8417353713253,2518.5411712080713,2817.818972505791
2026-01-23,245.86573800341284,-245.86573800341284,3037.0592104968136,3457.3457658005973,2808.7166537541707,3107.1029042568907,2675.66907021421,2983.2878012101537
2026-01-26,-1579.7408409068812,1579.7408409068812,3053.5391734215937,3476.033166188536,2851.22377198012,3239.875788376309,2717.96974168708,3087.858618996677
2026-01-27,475.1305871128643,-475.1305871128643,2965.662302437213,3376.145752186719,2734.367059566715,3105.8467579694243,2639.9017577644513,2992.7014323723724
2026-01-28,700.0428694005532,-700.0428694005532,2974.293705436671,3385.79210891651,2725.295747623774,2992.5161455174566,2608.800399998233,2851.267459362388
2026-01-29,1826.0641585286212,-1826.0641585286212,3009.1329629121515,3425.3199853389515,2830.1287895567866,3106.442748553987,2645.2077676919694,2949.509443298394
2026-01-30,49.25740150635829,-49.25740150635829,3104.0544764291812,3533.1725849245727,2948.5892849247507,3378.9556992229723,2753.359258831805,3141.0958488072997
2026-02-02,-2547.613617740164,2547.613617740164,3091.3883318496605,3518.6538673708956,3047.6366652226716,3464.8451701186764,2889.681771439839,3253.6576731629343
2026-02-03,313.765285892463,-313.765285892463,2973.376924292315,3385.0771864724525,2799.9642942655823,3167.121002407156,2678.17368718199,2998.2731679733934
2026-02-04,-1309.2291248953698,1309.2291248953698,3002.047683126156,3417.671945968409,2930.7263517133247,3426.004236945263,2760.588418893232,3227.43722031131
2026-02-05,1510.32392205199,-1510.32392205199,2934.337031644341,3340.724684682522,2671.045719717705,3041.5769519325895,2654.2248457402106,2893.7121418247184
2026-02-06,-1318.1432816745219,1318.1432816745219,3039.9933686632894,3460.8789631617556,2879.829558221299,3293.468332853573,2659.6594573143807,3084.483524261685
2026-02-09,-1937.8793436941269,1937.8793436941269,2973.1678566668447,3384.9552300251016,2925.1067696636164,3267.6003640255317,2735.6230755899105,3057.5048105723076
2026-02-10,-17.73675944931165,17.73675944931165,2891.102832447933,3291.8682484210135,2788.6138877174826,3119.5743851371776,2636.6831231081765,2930.0021751967115
2026-02-11,84.37631068538758,-84.37631068538758,2889.540690800164,3290.023487179737,2820.051571798558,3288.217266238843,2623.189740247797,3085.171877618718
2026-02-12,120.13654469436005,-120.13654469436005,2885.3876671140356,3285.1630002315414,2617.7572980298924,2935.8369928649295,2541.3645789140264,2818.4623800871905
2026-02-13,-955.7068347214372,955.7068347214372,2898.309313951651,3299.8398897176385,2732.5280031165958,3059.2597603556683,2556.508939985793,2884.7705655981085
2026-02-16,667.5630371605366,-667.5630371605366,2850.8565523658335,3245.991679606566,2792.082049597693,3095.220986368414,2653.030461378513,2907.726219816018
2026-02-17,912.3100172850609,-912.3100172850609,2845.446827376008,3239.9924845751916,2718.2213885337237,3018.628585043588,2554.247107004991,2897.797250469207
2026-02-18,-3632.6542923496017,3632.6542923496017,2888.865380498973,3289.3895976419726,2879.111702323378,3335.2508679254424,2779.504015215208,3169.004850294347
2026-02-19,-35.82320331700612,35.82320331700612,2811.692134559626,3202.859048771036,2734.5064674417836,3187.510241939526,2690.0349570236817,3170.8518515993046
2026-02-20,-1347.1026538310907,1347.1026538310907,2810.991740582286,3202.003965574005,2969.2427490192194,3260.5951200514573,2874.556909554072,3249.037065984893
2026-02-23,658.3871186157558,-658.3871186157558,2774.0511258623455,3160.146152514309,2465.8050784887278,3037.2091267788096,2462.414901551096,2986.0499587900053
2026-02-24,468.4492373837711,-468.4492373837711,2791.960185140507,3180.32678893591,2675.1851184493994,3063.6302437918193,2680.375178114371,3041.4388180524193
2026-02-25,-552.5105757402853,552.5105757402853,2804.9538369539864,3194.979825284778,2662.8191223254166,3258.6719768427615,2689.0986386848185,3238.7435514306258
2026-02-26,-213.37245477293618,213.37245477293618,2786.8749478767536,3174.472263155601,2568.4337795037877,2943.14743701985,2576.461355621628,2924.097344393682
2026-02-27,330.6095722610262,-330.6095722610262,2786.3576691436037,3173.9316345661255,2601.6143874837467,3079.7396464343005,2543.0671953738147,2931.8478055918754
2026-03-02,-778.4483238761386,778.4483238761386,2834.1230872643364,3229.316677005713,2722.147609657822,3182.828140020086,2793.623036307481,3171.489724564258
2026-03-03,-700.8285662907874,700.8285662907874,2835.2415901444624,3230.8987791441637,2762.015285344393,3168.1064428831733,2713.5673579144554,3146.7001004601943
2026-03-04,1543.4528751191683,-1543.4528751191683,2842.364487298124,3239.4086849871796,2682.4937516567297,3059.0784483378743,2726.678388237618,3059.668767010806
2026-03-05,568.2112828595564,-568.2112828595564,2794.741932594933,3183.8156810660253,2711.2991499282566,3056.0092500314045,2678.624163433476,3018.7571162996837
2026-03-06,137.8566291477764,-137.8566291477764,2793.662304326789,3182.3710798693755,2775.2100727054385,3184.3085924765815,2647.422839372691,3119.40640767689
2026-03-09,519.3890055485099,-519.3890055485099,2800.532738162891,3190.0864013695104,2670.9454937587616,3065.722874813494,2665.929869829765,3058.1240560902247
2026-03-10,-1330.1732025390738,1330.1732025390738,2800.479342372194,3189.8722411808426,2612.7272143180917,3053.0509179416536,2596.0208512709514,3054.3850468185174
2026-03-11,482.1302332884661,-482.1302332884661,2783.4730137737415,3171.0329880255013,2658.6134507937845,2999.7952672826837,2596.38706296954,3039.0766205203286
2026-03-12,601.7877574249869,-601.7877574249869,2795.023250375532,3184.087315547182,2624.1548635475715,2914.948325117681,2664.394315960192,2960.6494337990935
2026-03-13,1916.7528487922682,-1916.7528487922682,2759.198561543003,3142.4712565669197,2451.6685695906936,2850.1160397466315,2453.420124139636,2837.9740072570066
2026-03-16,-644.8860470260333,644.8860470260333,2819.7703085256812,3211.6087903331886,2687.402627216447,3123.802847595957,2660.4180883186314,3137.8136008046176
2026-03-17,-1026.7652218195217,1026.7652218195217,2744.2128572608635,3125.163048679494,2641.2374907678804,3192.845940888569,2664.6117047785524,3114.855902427009
2026-03-18,628.926440939751,-628.926440939751,2748.1062932541345,3130.3416222482865,2565.505398506644,2904.531023229477,2435.6660812801033,2877.8409740627862
2026-03-19,744.0584016065259,-744.0584016065259,2735.4509160481266,3115.3864926559863,2642.5260457181835,3016.1961280117716,2614.6703326034203,2979.823129623868
2026-03-20,270.9952392944324,-270.9952392944324,2748.6521152116247,3130.1252025356494,2508.797148664572,2877.072421047025,2484.1006137979443,2839.891821091016
2026-03-23,1121.6014433778473,-1121.6014433778473,2755.265061096913,3137.5591413267,2612.546179800792,2958.9669312541023,2527.069884188116,2824.6236649019293
2026-03-24,-451.8416910543965,451.8416910543965,2791.729853877127,3179.4063676874016,2651.4412511126984,3034.102736952109,2602.7209951107143,2942.489389942876
2026-03-25,1641.4981283054149,-1641.4981283054149,2782.880183294697,3169.420429052254,2871.3205023220517,3317.2061627968214,2784.737943578196,3132.0386889837805
2026-03-26,29.727190697078186,-29.727190697078186,2783.2998667343263,3168.882061316811,2684.594941865825,3238.3997833144463,2663.972990768798,3152.2498075803437
2026-03-27,-906.8549441079158,906.8549441079158,2775.498124161511,3159.7797868874386,2482.4287700058703,3009.3849986769346,2442.117456721505,2883.844183973226
2026-03-30,1175.104160120667,-1175.104160120667,2754.9661412275927,3137.5223720927443,2507.3247127291997,2876.544175422946,2425.075586649482,2816.69358348354
2026-03-31,2733.7588824314516,-2733.7588824314516,2793.933592662945,3181.684825286372,2541.270177687492,2974.974886354775,2467.1950975105415,2891.29564540685
2026-04-01,243.29931766088703,-243.29931766088703,2882.259560532713,3281.3592590188678,2811.8998475079056,3295.041623836138,2699.2309706074916,3128.569436516585
2026-04-02,720.5401430330894,-720.5401430330894,2888.478612008657,3288.5433843735814,2819.603717005003,3241.9295023758523,2620.4434060903823,3086.4796644631697
2026-04-03,2005.2688192406931,-2005.2688192406931,2934.911907526724,3341.2547396608825,2831.940934880693,3164.1865648041294,2561.334212293493,2999.657586197261
2026-04-06,1503.1350289077673,-1503.1350289077673,2985.3974266599475,3398.4504905369413,2739.5093691138018,3074.640095658716,2599.31021309448,2964.462239049278
2026-04-07,1288.6123822426161,-1288.6123822426161,3081.0092403037015,3507.1829343226746,2740.024587324983,3209.5310313480745,2640.1203952533833,2995.875042511449
2026-04-08,-276.50489394087344,276.50489394087344,3175.6697226393744,3614.8759470549608,3055.8365720494126,3418.9930254574692,2824.053690550025,3180.8397978850235
2026-04-09,1136.8670231705037,-1136.8670231705037,3165.539565895635,3603.3479214957442,2998.950652285851,3384.09280860345,2921.875555012004,3184.2527102182585
2026-04-10,-1425.0010301593938,1425.0010301593938,3216.4376293631776,3661.1475332779514,3123.7154083971486,3417.1368933519634,2928.2799020065872,3185.8977068079103
2026-04-13,863.4083791910671,-863.4083791910671,3143.962823770279,3578.8009763508876,2775.4086867317305,3254.68196403651,2673.2163753995314,3037.8761105030526
2026-04-14,637.0884557445097,-637.0884557445097,3218.832942728985,3663.992934869076,2932.382225166088,3360.751679778423,2756.5325845334387,3179.5710847385153
2026-04-15,-2329.621031464936,2329.621031464936,3242.4333978625405,3690.5722176837603,3064.0021113338053,3439.3108157883885,2833.4274362508672,3249.0076504594017
2026-04-16,-950.7048920539382,950.7048920539382,3119.7537991057334,3551.179538099026,2772.8000937758034,3456.5823839990508,2595.2911219378607,3211.822763955336
2026-04-17,-63.0005044300633,63.0005044300633,3058.4424572804255,3481.372735878046,2792.6598994612727,3147.98615675369,2676.469423679471,2988.2249553183615
2026-04-20,-1618.7052744684188,1618.7052744684188,3029.0647510656536,3447.8608926714783,2924.239760552613,3407.8446777934355,2715.517299824341,3175.4350685128106
2026-04-21,240.85667825725977,-240.85667825725977,2941.5408990004953,3348.4891422056694,2744.9203469199533,3057.54809566843,2630.2750938739096,2977.908757642882
2026-04-22,1358.153246006077,-1358.153246006077,2948.944068299303,3356.7859584531225,2718.703058510167,3171.3456207704266,2607.477802365684,2999.41499429063
2026-04-23,1283.7213445275993,-1283.7213445275993,3036.0918276793564,3455.9104926986115,2805.7067509646427,3177.0231634170023,2596.6517021320633,2896.7178075389784
2026-04-24,-230.0855644014955,230.0855644014955,3088.955830706314,3515.988304979005,2919.513152900282,3225.5260433669364,2738.1675734661267,3058.841131873624
2026-04-27,-2739.8884027411113,2739.8884027411113,3073.9667604663327,3498.8767567669765,2884.725176511226,3230.2796363836214,2709.761263775952,3065.1958480187745
2026-04-28,-32.64073708221258,32.64073708221258,2928.9140352304053,3334.0967762473715,2925.3727300293267,3417.305484663249,2694.266480804435,3170.038157470205
2026-04-29,-1342.6707118485065,1342.6707118485065,2929.0054932579046,3334.1700880982344,2684.7878780817605,2990.336405973161,2473.055677476602,2818.2515599917397
2026-04-30,668.1011693207693,-668.1011693207693,2857.312564166303,3252.674864609542,2626.476110954856,3011.020104381529,2486.7701990697474,2858.561088014588
2026-05-01,-1906.5699542348739,1906.5699542348739,2905.137956967442,3307.0507770509735,2694.052636337771,3064.1518398021108,2491.6823121519806,2844.096832476887
2026-05-04,-995.4048126959824,995.4048126959824,2810.946053939266,3200.0507504736074,2514.4090117704905,2822.9429416992234,2441.10154925378,2688.5305413704436
2026-05-05,-983.7879148021966,983.7879148021966,2754.1283529091093,3135.3918608398235,2630.3511967373183,3085.84266804899,2538.3582208346393,2917.4267499118605
2026-05-06,467.71480025121855,-467.71480025121855,2697.137033788615,3070.6720706955316,2585.500637603841,2841.949910308972,2509.133794585307,2761.93864450681
2026-05-07,-462.61240085188183,462.61240085188183,2730.383436576716,3108.3974738918323,2709.863548997228,3199.319514754202,2580.806534283079,3018.287351394134
2026-05-08,372.579070236774,-372.579070236774,2719.2930565985516,3095.83353070596,2609.2781313404153,2882.084425712368,2530.063729398563,2803.6388348871014
2026-05-11,-192.32761195224884,192.32761195224884,2735.7048299578146,3114.433600840616,2539.3282202425116,3058.737276148814,2409.236642865979,2799.706781818396
2026-05-12,-1003.0108072139992,1003.0108072139992,2726.467640197707,3103.891614708808,2691.516768845417,3023.4731643801315,2562.3249355868384,2817.9544921356733
2026-05-13,3485.155985913392,-3485.155985913392,2653.5906984970366,3020.8852202061676,2426.7686258407725,2908.0270475855223,2323.0528800453026,2718.5723758804716
2026-05-14,862.9934457577765,-862.9934457577765,2873.64797041909,3271.201501794154,2524.813564290785,2852.4128984304352,2413.015522482187,2648.4752829928534
2026-05-15,-1692.0086181921797,1692.0086181921797,2933.30767910753,3339.040522871096,2743.7251185848068,3147.820198244305,2586.673294642171,3049.606108990173
2026-05-18,-1188.957882187009,1188.957882187009,2847.337248678026,3241.3903666176875,2583.5022111063713,2986.362730949444,2400.0625625471334,2818.153397871186
2026-05-19,-626.019350217779,626.019350217779,2782.733817642118,3167.9518076132636,2692.095671923374,3108.2429235834907,2507.52191521385,2926.861636922133
2026-05-20,1787.8003038056631,-1787.8003038056631,2747.365656882861,3127.732527019474,2605.871371908467,2931.3922312534005,2485.4839247022946,2791.6432939945757
2026-05-21,202.40376359588845,-202.40376359588845,2837.939536503402,3230.643874615992,2802.964625487065,3195.5850226549783,2677.924813206036,3026.481311343006
2026-05-22,744.1824160845063,-744.1824160845063,2858.579020701328,3254.1083979539894,2688.342321694134,3041.9173231041814,2500.6202397258853,2855.380009512086
2026-05-25,2187.8927359633017,-2187.8927359633017,2924.2922286191133,3328.902280868744,2793.762883922174,3196.9709299837496,2652.0498139316487,3025.479410994435
2026-05-26,-370.0334357823085,370.0334357823085,3055.4510251658908,3478.0520777549777,2847.570764236924,3256.8468336979086,2717.536650695236,3086.7124217820274
2026-05-27,-354.14414879363176,354.14414879363176,3010.204437306744,3426.537434762779,2852.5165008505846,3193.2781992627906,2658.7258271401415,3030.6979180117255
2026-05-28,-32.583507795105106,32.583507795105106,3019.7708965987904,3437.5279322444,2728.1306514751977,3065.921172953948,2607.084631481403,2894.9179487539604
2026-05-29,-1032.5680017033228,1032.5680017033228,2996.178488534979,3410.4255075353217,2733.077355680592,3133.111276896163,2613.425643270777,2939.57365060081
2026-06-01,-1401.8975583697247,1401.8975583697247,2929.969854284871,3335.087911775726,2643.4153582979898,3071.209100521383,2565.777953277976,2930.6670954373667
2026-06-02,-71.21955752312351,71.21955752312351,2864.659456679135,3260.9358583024587,2784.460080306236,3091.019028212374,2651.152699505932,2853.9604347648697
2026-06-03,-514.8888418793213,514.8888418793213,2842.8403278965625,3236.0096270851645,2699.8210461759677,3035.5781105369815,2602.186248372927,2883.1014031812806
2026-06-04,-1390.209153857133,1390.209153857133,2830.8183265327925,3222.415301478808,2809.2251196174334,3208.1919669940135,2616.64656660658,2999.714717305169
2026-06-05,278.59294612976373,-278.59294612976373,2764.5803844319207,3147.183330230245,2648.5706283530058,2969.0116337662557,2483.4792275731775,2785.2767836282555
2026-06-08,894.3775800635922,-894.3775800635922,2781.4094358486427,3166.258965042159,2680.7679273057774,3143.5709921317625,2602.8128953953187,2947.5120841616126
2026-06-09,382.9567081238638,-382.9567081238638,2834.804419025973,3226.885608113747,2787.0519597053153,3068.5022724914224,2612.8770731552304,2925.4518184813383
2026-06-10,-346.7783688008931,346.7783688008931,2851.0280643750843,3245.2727848167774,2504.4693885737847,2978.336274382502,2398.605359818264,2839.357872175584
2026-06-11,616.8786746261321,-616.8786746261321,2809.899102763168,3198.270653589213,2783.4740803451923,3045.803560293395,2660.2218840679952,2874.0010472209215
2026-06-12,-625.2855513339091,625.2855513339091,2848.9068201232217,3242.574604085336,2512.1136800931636,2885.950644649597,2387.4395350279656,2758.4252606348246
2026-06-15,-1199.7082515996735,1199.7082515996735,2824.8176557907886,3215.240756184268,2675.372296880555,3196.0806145295924,2590.574649084499,3034.524552508641
2026-06-16,-2377.41169729564,2377.41169729564,2756.0566620508735,3137.028146699521,2727.764538409293,3076.175659525153,2581.752598206477,2904.2236357750908
2026-06-17,499.09721759545937,-499.09721759545937,2649.1234776870097,3015.7136045523644,2527.935589855911,2879.5790336477085,2390.1480902249,2758.692496751571
2026-06-18,-1061.6580659975225,1061.6580659975225,2685.3058814060237,3056.8255519730938,2372.588400417125,2741.6790260336625,2197.923099682514,2569.8250183353834
2026-06-19,1281.7570617713936,-1281.7570617713936,2623.22708997149,2986.2193387318866,2361.316054305835,2823.791875179457,2311.1499438714677,2697.7971073239196
2026-06-22,1421.550330657621,-1421.550330657621,2710.6711817640667,3085.64393252126,2674.745734041915,2960.823688439529,2527.47326124255,2817.2276949781544
2026-06-23,-298.70604772934894,298.70604772934894,2779.5314630902003,3163.7634794494047,2558.456274891166,3024.223130360175,2417.6388361735244,2850.9301378600494
2026-06-24,-1078.899242203166,1078.899242203166,2719.916400216896,3095.828872303968,2615.4033270438613,3071.768006256946,2595.5852055830246,2923.7458310660245
2026-06-25,-1340.3533905803124,1340.3533905803124,2666.5821905059147,3035.2352825674416,2550.483510619642,2892.4006717753264,2434.5406737324206,2744.7302804291653
2026-06-26,-1541.0332348966695,1541.0332348966695,2604.2848961302075,2964.5069901192132,2370.6145301047636,2722.7093172580476,2313.552568890853,2543.709062203112
2026-06-29,1251.531316762681,-1251.531316762681,2542.874840872199,2894.936229406321,2345.013314200047,2712.171486425367,2225.64227018598,2595.408338512581
2026-06-30,-341.57860289108066,341.57860289108066,2612.0770975616024,2973.5031269616593,2610.4349865361014,3089.818049874528,2584.3107962366234,2977.803143318052
2026-07-01,-1124.4858563913658,1124.4858563913658,2592.346018679883,2951.0296186492933,2397.660257952824,2763.878319966788,2368.9165239041517,2646.7605655216603
2026-07-02,-222.6488190637465,222.6488190637465,2542.5347295055703,2894.541735171235,2540.031249532117,2803.6617785285584,2455.487022319401,2728.866321517125
2026-07-03,-142.47390723119315,142.47390723119315,2529.4224131759747,2879.559317339947,2446.7351100674964,2716.2403976347096,2307.5954719639462,2598.18703382364
2026-07-06,-169.48590224857617,169.48590224857617,2524.317585031755,2873.758928224746,2464.980629252635,2925.978676843259,2398.2264727985885,2822.7573323478
2026-07-07,-678.9835326201064,678.9835326201064,2524.071704350298,2873.511397211764,2405.806851492223,2814.8365639005774,2325.6756679795167,2688.1753679458175
2026-07-08,-16.05973259788152,16.05973259788152,2494.5513370965086,2840.0585844706648,2296.7146028207285,2604.8298518915826,2213.9974821479555,2468.3550089303244
2026-07-09,-730.429655126456,730.429655126456,2502.1652104341724,2848.6889182470027,2340.260944642047,2906.943199530338,2286.134548085637,2795.667777338811
2026-07-10,91.92973476766201,-91.92973476766201,2483.087023676007,2827.177147881033,2443.7518509349043,2767.4728821961553,2356.129740470111,2661.045036683854
2026-07-13,35.63533224976709,-35.63533224976709,2488.3528969304307,2833.0694266434125,2488.5807998352625,2837.8532868163365,2400.0740885505434,2750.93239990668
2026-07-14,20.09092113157385,-20.09092113157385,2495.498377782208,2841.3885016265567,2339.264577469818,2668.333427394621,2286.037143766351,2586.225072415636
2026-07-15,-2518.6790670740884,2518.6790670740884,2500.3335814783227,2846.898854221615,2237.7224368979905,2616.5717515041465,2200.9815146010055,2570.35888407908
2026-07-16,-1374.3713752691037,1374.3713752691037,2494.719300652432,2842.068597902441,2310.5814598018724,2673.651127593247,2308.8470386104054,2647.713749500105
2026-07-17,-702.265876118785,702.265876118785,2493.21716320261,2840.858019863205,2470.5815203239076,2756.973875159931,2277.8440674509725,2780.6196886845905
2026-07-20,-548.4261826504226,548.4261826504226,2535.261983055339,2889.4755236375313,2414.709297147562,2661.76292282511,2396.350062393448,2662.359933197472
2026-07-21,-104.45143587713028,104.45143587713028,2606.4667128934175,2971.488198607214,2408.6322985269403,2715.5318207650043,2411.752612304699,2820.3585949270027
2026-07-22,-1242.7856150563457,1242.7856150563457,2566.4074595997363,2925.4915674726603,2406.9588575582393,2640.7514043083547,2466.371825077177,2698.158123362533
2026-07-23,1579.315336495456,-1579.315336495456,2518.41817793542,2870.65594088624,2442.1129210012277,2743.763235554222,2457.034278609242,2830.4135863469673
2026-07-24,2364.0087293454417,-2364.0087293454417,2584.2749798669897,2945.998886208413,2507.8183751912165,2886.4827326192367,2463.529322600689,2945.8559382104804
2026-07-27,685.7849319120069,-685.7849319120069,2512.7828959916274,2863.08400456923,2347.4949322765187,2648.090739467403,2399.751258853412,2682.008822890217
2026-07-28,489.8131745610881,-489.8131745610881,2476.0327532716797,2820.3874602033916,2376.0686435117673,2838.5514333221563,2254.0944215532036,2771.9903654205154
2026-07-29,-681.1160411914461,681.1160411914461,2466.6345293761865,2809.1733186930624,2147.906548720592,2401.090971703708,2135.547447881557,2366.6327803194736
2026-07-30,-1613.4210950292618,1613.4210950292618,2444.712423700037,2784.463512404525,2306.994002343976,2691.9943434428214,2264.7020964671265,2694.3640501577984
2026-07-31,799.2728731067182,-799.2728731067182,2438.738085903158,2778.267826367997,2429.4746998671985,2782.7017322048264,2410.823719603483,2817.144166496622
2026-08-03,-712.558210939671,712.558210939671,2419.0049282759774,2755.050945293034,2290.8718661840135,2589.501266519746,2228.3285792794804,2535.907703447813
2026-08-04,-222.5647619689189,222.5647619689189,2404.109921016227,2738.189310563211,2425.815245421622,2641.198914055274,2305.279242373318,2621.9861805100336
2026-08-05,275.6167433122464,-275.6167433122464,2413.653345614653,2749.2811822676977,2157.4411759465615,2459.1441955590353,2099.3109839077433,2412.7774931863905
2026-08-06,-247.06520952728897,247.06520952728897,2434.5206047357838,2773.2078342805435,2319.0889097355744,2604.1512286033694,2290.5982362799678,2592.923862727087
2026-08-07,-59.33100966103666,59.33100966103666,2439.722313075762,2779.3394869506274,2221.431445961761,2633.3989040442057,2200.9607570649828,2608.2244999667696
2026-08-10,149.19502554693463,-149.19502554693463,2529.52377677665,2882.8923786111145,2313.9584958890537,2757.3296994648063,2406.566945016626,2780.132847876242
2026-08-11,375.4694567472434,-375.4694567472434,2586.4497608245347,2948.3424480043554,2341.478577736616,2751.181410133443,2398.5957530976198,2825.110412205151
2026-08-12,-338.3044946884984,338.3044946884984,2498.114738213733,2846.7082438855014,2219.171536900624,2440.310141674011,2181.0515366906493,2509.0616360164713
2026-08-13,-573.5604435762325,573.5604435762325,2566.8510891816677,2925.8396336929986,2295.2701683243586,2689.9116585590486,2302.6596527892507,2751.422280998102
2026-08-14,1082.8225477911947,-1082.8225477911947,2538.5262438638506,2893.40515911316,2368.993692892159,2759.6792251118763,2364.415368505452,2770.732134237416
